order,block,position,condition,pass_id,full_request_ns,prefill_ns,decode_ns,warmup_stage_ns,setup_stage_ns,driver_seconds,measured_intervention_count,measured_intervention_sync_count
1,1,1,G32,pass0,223731800,143597300,80134500,1398636200,8848089900,43.68700000003446,0,0
2,1,1,G32,pass1,264511900,162243900,102268000,1244330000,7622219500,237.73400000005495,0,0
3,1,2,N0,pass1,234861500,125217200,109644300,1357459600,8800148800,196.90600000007544,0,0
4,1,2,N0,pass0,286796500,158310700,128485800,1153127500,8403753000,42.875,0,0
5,1,3,Nm,pass0,208504300,130603700,77900600,1253626200,8883977300,42.98499999998603,1,0
6,1,3,Nm,pass1,209160000,112661100,96498900,1353850900,8246473700,194.60999999998603,1,0
7,1,4,N16,pass1,219982600,117171500,102811100,1551770200,8662322100,207.0779999999795,1,1
8,1,4,N16,pass0,233561900,153382300,80179600,1248463100,8289972400,42.34400000004098,1,1
9,1,5,G512,pass0,184259900,104331900,79928000,1302656700,8791359500,40.84400000004098,0,0
10,1,5,G512,pass1,265031000,164258300,100772700,1351767700,7852022500,263.25,0,0
11,2,1,G512,pass1,278303700,181539500,96764200,1303865600,8741574800,296.405999999959,0,0
12,2,1,G512,pass0,203280400,127428100,75852300,1251200000,8470200300,42.84400000004098,0,0
13,2,2,Nm,pass0,214308500,135020500,79288000,1224451700,7261545800,41.561999999918044,1,0
14,2,2,Nm,pass1,227545800,125658200,101887600,1285235500,7583388600,208.4220000000205,1,0
15,2,3,N16,pass1,327320800,191009100,136311700,1291392600,7551168600,184.9529999999795,1,1
16,2,3,N16,pass0,162730900,83231700,79499200,1088457200,7928640800,36.96799999999348,1,1
17,2,4,N0,pass0,175314200,99162600,76151600,1254404200,7691116300,38.17200000002049,0,0
18,2,4,N0,pass1,257754700,138638600,119116100,1332407400,7663592800,196.43699999991804,0,0
19,2,5,G32,pass1,223624000,122434900,101189100,1309646100,7857311100,266.53100000007544,0,0
20,2,5,G32,pass0,203999300,128221600,75777700,1195024700,8569222200,42.31200000003446,0,0
21,3,1,G32,pass0,172766400,96880100,75886300,1058208600,8603148300,38.40599999995902,0,0
22,3,1,G32,pass1,258860300,152159300,106701000,1365322900,7428276600,254.89099999994505,0,0
23,3,2,N16,pass1,234748800,127563800,107185000,1471710600,8728804400,197.06199999991804,1,1
24,3,2,N16,pass0,185616700,101005100,84611600,1136829700,8398981800,41.375,1,1
25,3,3,N0,pass0,255520200,184948300,70571900,1130380300,8319038500,39.93799999996554,0,0
26,3,3,N0,pass1,253271500,154654200,98617300,1255290500,7447754600,207.10999999998603,0,0
27,3,4,Nm,pass1,229268300,121201400,108066900,1295073400,8689659100,178.56299999996554,1,0
28,3,4,Nm,pass0,252907500,169034300,83873200,1198837900,8381612700,40.48399999993853,1,0
29,3,5,G512,pass0,195274400,118030800,77243600,1152834300,8438152800,40.78099999995902,0,0
30,3,5,G512,pass1,245660100,127752600,117907500,1297137600,7688572900,245.90700000000652,0,0
