block,condition,phase,run_id,gpu_union_ns,supported_wait_ns,api_sum_ns,api_union_ns,host_complement_ns,gpu_vs_wait,api_nesting,host_complement,standard_timeline
1,G32,full_request,formal-99f3bae966f2-20261010-sixblock-b1-G32-pass1,37388566,9952,84196533,84196533,94484439,LIMITED_ADDED_INTERPRETATION_RELATIVE_TO_AGGREGATES,NO_OBSERVED_ADDED_INTERPRETATION_SUM_EQUALS_UNION,BASELINE_WINDOW_MINUS_API_UNION_ALREADY_RECOVERS_VALUE,SAME_SEMANTICS_CAN_MANUALLY_RECOVER_NO_UNIQUE_TOOL_SUPERIORITY
1,G32,prefill,formal-99f3bae966f2-20261010-sixblock-b1-G32-pass1,20860414,9952,44787802,44787802,49277721,LIMITED_ADDED_INTERPRETATION_RELATIVE_TO_AGGREGATES,NO_OBSERVED_ADDED_INTERPRETATION_SUM_EQUALS_UNION,BASELINE_WINDOW_MINUS_API_UNION_ALREADY_RECOVERS_VALUE,SAME_SEMANTICS_CAN_MANUALLY_RECOVER_NO_UNIQUE_TOOL_SUPERIORITY
1,G32,decode,formal-99f3bae966f2-20261010-sixblock-b1-G32-pass1,16528152,0,39408731,39408731,45206718,LIMITED_ADDED_INTERPRETATION_RELATIVE_TO_AGGREGATES,NO_OBSERVED_ADDED_INTERPRETATION_SUM_EQUALS_UNION,BASELINE_WINDOW_MINUS_API_UNION_ALREADY_RECOVERS_VALUE,SAME_SEMANTICS_CAN_MANUALLY_RECOVER_NO_UNIQUE_TOOL_SUPERIORITY
1,G512,full_request,formal-99f3bae966f2-20261010-sixblock-b1-G512-pass1,59898960,15200,69289429,69289429,95901270,LIMITED_ADDED_INTERPRETATION_RELATIVE_TO_AGGREGATES,NO_OBSERVED_ADDED_INTERPRETATION_SUM_EQUALS_UNION,BASELINE_WINDOW_MINUS_API_UNION_ALREADY_RECOVERS_VALUE,SAME_SEMANTICS_CAN_MANUALLY_RECOVER_NO_UNIQUE_TOOL_SUPERIORITY
1,G512,prefill,formal-99f3bae966f2-20261010-sixblock-b1-G512-pass1,44157288,15200,38029279,38029279,53361492,LIMITED_ADDED_INTERPRETATION_RELATIVE_TO_AGGREGATES,NO_OBSERVED_ADDED_INTERPRETATION_SUM_EQUALS_UNION,BASELINE_WINDOW_MINUS_API_UNION_ALREADY_RECOVERS_VALUE,SAME_SEMANTICS_CAN_MANUALLY_RECOVER_NO_UNIQUE_TOOL_SUPERIORITY
1,G512,decode,formal-99f3bae966f2-20261010-sixblock-b1-G512-pass1,15741672,0,31260150,31260150,42539778,LIMITED_ADDED_INTERPRETATION_RELATIVE_TO_AGGREGATES,NO_OBSERVED_ADDED_INTERPRETATION_SUM_EQUALS_UNION,BASELINE_WINDOW_MINUS_API_UNION_ALREADY_RECOVERS_VALUE,SAME_SEMANTICS_CAN_MANUALLY_RECOVER_NO_UNIQUE_TOOL_SUPERIORITY
2,G32,full_request,formal-99f3bae966f2-20261010-sixblock-b2-G32-pass1,39864299,65535,67299638,67299638,152250307,LIMITED_ADDED_INTERPRETATION_RELATIVE_TO_AGGREGATES,NO_OBSERVED_ADDED_INTERPRETATION_SUM_EQUALS_UNION,BASELINE_WINDOW_MINUS_API_UNION_ALREADY_RECOVERS_VALUE,SAME_SEMANTICS_CAN_MANUALLY_RECOVER_NO_UNIQUE_TOOL_SUPERIORITY
2,G32,prefill,formal-99f3bae966f2-20261010-sixblock-b2-G32-pass1,22860622,65535,34556474,34556474,80032939,LIMITED_ADDED_INTERPRETATION_RELATIVE_TO_AGGREGATES,NO_OBSERVED_ADDED_INTERPRETATION_SUM_EQUALS_UNION,BASELINE_WINDOW_MINUS_API_UNION_ALREADY_RECOVERS_VALUE,SAME_SEMANTICS_CAN_MANUALLY_RECOVER_NO_UNIQUE_TOOL_SUPERIORITY
2,G32,decode,formal-99f3bae966f2-20261010-sixblock-b2-G32-pass1,17003677,0,32743164,32743164,72217368,LIMITED_ADDED_INTERPRETATION_RELATIVE_TO_AGGREGATES,NO_OBSERVED_ADDED_INTERPRETATION_SUM_EQUALS_UNION,BASELINE_WINDOW_MINUS_API_UNION_ALREADY_RECOVERS_VALUE,SAME_SEMANTICS_CAN_MANUALLY_RECOVER_NO_UNIQUE_TOOL_SUPERIORITY
2,G512,full_request,formal-99f3bae966f2-20261010-sixblock-b2-G512-pass1,57762359,15104,90011717,90011717,120263418,LIMITED_ADDED_INTERPRETATION_RELATIVE_TO_AGGREGATES,NO_OBSERVED_ADDED_INTERPRETATION_SUM_EQUALS_UNION,BASELINE_WINDOW_MINUS_API_UNION_ALREADY_RECOVERS_VALUE,SAME_SEMANTICS_CAN_MANUALLY_RECOVER_NO_UNIQUE_TOOL_SUPERIORITY
2,G512,prefill,formal-99f3bae966f2-20261010-sixblock-b2-G512-pass1,46065745,15104,52309776,52309776,66726633,LIMITED_ADDED_INTERPRETATION_RELATIVE_TO_AGGREGATES,NO_OBSERVED_ADDED_INTERPRETATION_SUM_EQUALS_UNION,BASELINE_WINDOW_MINUS_API_UNION_ALREADY_RECOVERS_VALUE,SAME_SEMANTICS_CAN_MANUALLY_RECOVER_NO_UNIQUE_TOOL_SUPERIORITY
2,G512,decode,formal-99f3bae966f2-20261010-sixblock-b2-G512-pass1,11696614,0,37701941,37701941,53536785,LIMITED_ADDED_INTERPRETATION_RELATIVE_TO_AGGREGATES,NO_OBSERVED_ADDED_INTERPRETATION_SUM_EQUALS_UNION,BASELINE_WINDOW_MINUS_API_UNION_ALREADY_RECOVERS_VALUE,SAME_SEMANTICS_CAN_MANUALLY_RECOVER_NO_UNIQUE_TOOL_SUPERIORITY
3,G32,full_request,formal-99f3bae966f2-20261010-sixblock-b3-G32-pass1,32748861,63935,69728503,69728503,119469855,LIMITED_ADDED_INTERPRETATION_RELATIVE_TO_AGGREGATES,NO_OBSERVED_ADDED_INTERPRETATION_SUM_EQUALS_UNION,BASELINE_WINDOW_MINUS_API_UNION_ALREADY_RECOVERS_VALUE,SAME_SEMANTICS_CAN_MANUALLY_RECOVER_NO_UNIQUE_TOOL_SUPERIORITY
3,G32,prefill,formal-99f3bae966f2-20261010-sixblock-b3-G32-pass1,16985818,63935,40886441,40886441,58201397,LIMITED_ADDED_INTERPRETATION_RELATIVE_TO_AGGREGATES,NO_OBSERVED_ADDED_INTERPRETATION_SUM_EQUALS_UNION,BASELINE_WINDOW_MINUS_API_UNION_ALREADY_RECOVERS_VALUE,SAME_SEMANTICS_CAN_MANUALLY_RECOVER_NO_UNIQUE_TOOL_SUPERIORITY
3,G32,decode,formal-99f3bae966f2-20261010-sixblock-b3-G32-pass1,15763043,0,28842062,28842062,61268458,LIMITED_ADDED_INTERPRETATION_RELATIVE_TO_AGGREGATES,NO_OBSERVED_ADDED_INTERPRETATION_SUM_EQUALS_UNION,BASELINE_WINDOW_MINUS_API_UNION_ALREADY_RECOVERS_VALUE,SAME_SEMANTICS_CAN_MANUALLY_RECOVER_NO_UNIQUE_TOOL_SUPERIORITY
3,G512,full_request,formal-99f3bae966f2-20261010-sixblock-b3-G512-pass1,56336690,33216,68529561,68529561,95161951,LIMITED_ADDED_INTERPRETATION_RELATIVE_TO_AGGREGATES,NO_OBSERVED_ADDED_INTERPRETATION_SUM_EQUALS_UNION,BASELINE_WINDOW_MINUS_API_UNION_ALREADY_RECOVERS_VALUE,SAME_SEMANTICS_CAN_MANUALLY_RECOVER_NO_UNIQUE_TOOL_SUPERIORITY
3,G512,prefill,formal-99f3bae966f2-20261010-sixblock-b3-G512-pass1,40742471,33216,39492595,39492595,51183339,LIMITED_ADDED_INTERPRETATION_RELATIVE_TO_AGGREGATES,NO_OBSERVED_ADDED_INTERPRETATION_SUM_EQUALS_UNION,BASELINE_WINDOW_MINUS_API_UNION_ALREADY_RECOVERS_VALUE,SAME_SEMANTICS_CAN_MANUALLY_RECOVER_NO_UNIQUE_TOOL_SUPERIORITY
3,G512,decode,formal-99f3bae966f2-20261010-sixblock-b3-G512-pass1,15594219,0,29036966,29036966,43978612,LIMITED_ADDED_INTERPRETATION_RELATIVE_TO_AGGREGATES,NO_OBSERVED_ADDED_INTERPRETATION_SUM_EQUALS_UNION,BASELINE_WINDOW_MINUS_API_UNION_ALREADY_RECOVERS_VALUE,SAME_SEMANTICS_CAN_MANUALLY_RECOVER_NO_UNIQUE_TOOL_SUPERIORITY
4,G32,full_request,formal-99f3bae966f2-20261010-sixblock-b4-G32-pass1,34454695,10944,63037076,63037076,102217399,LIMITED_ADDED_INTERPRETATION_RELATIVE_TO_AGGREGATES,NO_OBSERVED_ADDED_INTERPRETATION_SUM_EQUALS_UNION,BASELINE_WINDOW_MINUS_API_UNION_ALREADY_RECOVERS_VALUE,SAME_SEMANTICS_CAN_MANUALLY_RECOVER_NO_UNIQUE_TOOL_SUPERIORITY
4,G32,prefill,formal-99f3bae966f2-20261010-sixblock-b4-G32-pass1,17366357,10944,32768703,32768703,56641663,LIMITED_ADDED_INTERPRETATION_RELATIVE_TO_AGGREGATES,NO_OBSERVED_ADDED_INTERPRETATION_SUM_EQUALS_UNION,BASELINE_WINDOW_MINUS_API_UNION_ALREADY_RECOVERS_VALUE,SAME_SEMANTICS_CAN_MANUALLY_RECOVER_NO_UNIQUE_TOOL_SUPERIORITY
4,G32,decode,formal-99f3bae966f2-20261010-sixblock-b4-G32-pass1,17088338,0,30268373,30268373,45575736,LIMITED_ADDED_INTERPRETATION_RELATIVE_TO_AGGREGATES,NO_OBSERVED_ADDED_INTERPRETATION_SUM_EQUALS_UNION,BASELINE_WINDOW_MINUS_API_UNION_ALREADY_RECOVERS_VALUE,SAME_SEMANTICS_CAN_MANUALLY_RECOVER_NO_UNIQUE_TOOL_SUPERIORITY
4,G512,full_request,formal-99f3bae966f2-20261010-sixblock-b4-G512-pass1,55166763,27040,72684144,72684144,106636789,LIMITED_ADDED_INTERPRETATION_RELATIVE_TO_AGGREGATES,NO_OBSERVED_ADDED_INTERPRETATION_SUM_EQUALS_UNION,BASELINE_WINDOW_MINUS_API_UNION_ALREADY_RECOVERS_VALUE,SAME_SEMANTICS_CAN_MANUALLY_RECOVER_NO_UNIQUE_TOOL_SUPERIORITY
4,G512,prefill,formal-99f3bae966f2-20261010-sixblock-b4-G512-pass1,40971199,27040,41062281,41062281,49214838,LIMITED_ADDED_INTERPRETATION_RELATIVE_TO_AGGREGATES,NO_OBSERVED_ADDED_INTERPRETATION_SUM_EQUALS_UNION,BASELINE_WINDOW_MINUS_API_UNION_ALREADY_RECOVERS_VALUE,SAME_SEMANTICS_CAN_MANUALLY_RECOVER_NO_UNIQUE_TOOL_SUPERIORITY
4,G512,decode,formal-99f3bae966f2-20261010-sixblock-b4-G512-pass1,14195564,0,31621863,31621863,57421951,LIMITED_ADDED_INTERPRETATION_RELATIVE_TO_AGGREGATES,NO_OBSERVED_ADDED_INTERPRETATION_SUM_EQUALS_UNION,BASELINE_WINDOW_MINUS_API_UNION_ALREADY_RECOVERS_VALUE,SAME_SEMANTICS_CAN_MANUALLY_RECOVER_NO_UNIQUE_TOOL_SUPERIORITY
5,G32,full_request,formal-99f3bae966f2-20261010-sixblock-b5-G32-pass1,34120026,10912,94734501,94734501,129307177,LIMITED_ADDED_INTERPRETATION_RELATIVE_TO_AGGREGATES,NO_OBSERVED_ADDED_INTERPRETATION_SUM_EQUALS_UNION,BASELINE_WINDOW_MINUS_API_UNION_ALREADY_RECOVERS_VALUE,SAME_SEMANTICS_CAN_MANUALLY_RECOVER_NO_UNIQUE_TOOL_SUPERIORITY
5,G32,prefill,formal-99f3bae966f2-20261010-sixblock-b5-G32-pass1,19932129,10912,50110253,50110253,69758208,LIMITED_ADDED_INTERPRETATION_RELATIVE_TO_AGGREGATES,NO_OBSERVED_ADDED_INTERPRETATION_SUM_EQUALS_UNION,BASELINE_WINDOW_MINUS_API_UNION_ALREADY_RECOVERS_VALUE,SAME_SEMANTICS_CAN_MANUALLY_RECOVER_NO_UNIQUE_TOOL_SUPERIORITY
5,G32,decode,formal-99f3bae966f2-20261010-sixblock-b5-G32-pass1,14187897,0,44624248,44624248,59548969,LIMITED_ADDED_INTERPRETATION_RELATIVE_TO_AGGREGATES,NO_OBSERVED_ADDED_INTERPRETATION_SUM_EQUALS_UNION,BASELINE_WINDOW_MINUS_API_UNION_ALREADY_RECOVERS_VALUE,SAME_SEMANTICS_CAN_MANUALLY_RECOVER_NO_UNIQUE_TOOL_SUPERIORITY
5,G512,full_request,formal-99f3bae966f2-20261010-sixblock-b5-G512-pass1,60503026,16608,75860383,75860383,178211211,LIMITED_ADDED_INTERPRETATION_RELATIVE_TO_AGGREGATES,NO_OBSERVED_ADDED_INTERPRETATION_SUM_EQUALS_UNION,BASELINE_WINDOW_MINUS_API_UNION_ALREADY_RECOVERS_VALUE,SAME_SEMANTICS_CAN_MANUALLY_RECOVER_NO_UNIQUE_TOOL_SUPERIORITY
5,G512,prefill,formal-99f3bae966f2-20261010-sixblock-b5-G512-pass1,46007518,16608,38275745,38275745,90099171,LIMITED_ADDED_INTERPRETATION_RELATIVE_TO_AGGREGATES,NO_OBSERVED_ADDED_INTERPRETATION_SUM_EQUALS_UNION,BASELINE_WINDOW_MINUS_API_UNION_ALREADY_RECOVERS_VALUE,SAME_SEMANTICS_CAN_MANUALLY_RECOVER_NO_UNIQUE_TOOL_SUPERIORITY
5,G512,decode,formal-99f3bae966f2-20261010-sixblock-b5-G512-pass1,14495508,0,37584638,37584638,88112040,LIMITED_ADDED_INTERPRETATION_RELATIVE_TO_AGGREGATES,NO_OBSERVED_ADDED_INTERPRETATION_SUM_EQUALS_UNION,BASELINE_WINDOW_MINUS_API_UNION_ALREADY_RECOVERS_VALUE,SAME_SEMANTICS_CAN_MANUALLY_RECOVER_NO_UNIQUE_TOOL_SUPERIORITY
6,G32,full_request,formal-99f3bae966f2-20261010-sixblock-b6-G32-pass1,35462203,48447,60881429,60881429,140810715,LIMITED_ADDED_INTERPRETATION_RELATIVE_TO_AGGREGATES,NO_OBSERVED_ADDED_INTERPRETATION_SUM_EQUALS_UNION,BASELINE_WINDOW_MINUS_API_UNION_ALREADY_RECOVERS_VALUE,SAME_SEMANTICS_CAN_MANUALLY_RECOVER_NO_UNIQUE_TOOL_SUPERIORITY
6,G32,prefill,formal-99f3bae966f2-20261010-sixblock-b6-G32-pass1,20254838,48447,30009817,30009817,71120129,LIMITED_ADDED_INTERPRETATION_RELATIVE_TO_AGGREGATES,NO_OBSERVED_ADDED_INTERPRETATION_SUM_EQUALS_UNION,BASELINE_WINDOW_MINUS_API_UNION_ALREADY_RECOVERS_VALUE,SAME_SEMANTICS_CAN_MANUALLY_RECOVER_NO_UNIQUE_TOOL_SUPERIORITY
6,G32,decode,formal-99f3bae966f2-20261010-sixblock-b6-G32-pass1,15207365,0,30871612,30871612,69690586,LIMITED_ADDED_INTERPRETATION_RELATIVE_TO_AGGREGATES,NO_OBSERVED_ADDED_INTERPRETATION_SUM_EQUALS_UNION,BASELINE_WINDOW_MINUS_API_UNION_ALREADY_RECOVERS_VALUE,SAME_SEMANTICS_CAN_MANUALLY_RECOVER_NO_UNIQUE_TOOL_SUPERIORITY
6,G512,full_request,formal-99f3bae966f2-20261010-sixblock-b6-G512-pass1,49451691,72704,66764163,66764163,95630604,LIMITED_ADDED_INTERPRETATION_RELATIVE_TO_AGGREGATES,NO_OBSERVED_ADDED_INTERPRETATION_SUM_EQUALS_UNION,BASELINE_WINDOW_MINUS_API_UNION_ALREADY_RECOVERS_VALUE,SAME_SEMANTICS_CAN_MANUALLY_RECOVER_NO_UNIQUE_TOOL_SUPERIORITY
6,G512,prefill,formal-99f3bae966f2-20261010-sixblock-b6-G512-pass1,36647317,72704,36721384,36721384,50783037,LIMITED_ADDED_INTERPRETATION_RELATIVE_TO_AGGREGATES,NO_OBSERVED_ADDED_INTERPRETATION_SUM_EQUALS_UNION,BASELINE_WINDOW_MINUS_API_UNION_ALREADY_RECOVERS_VALUE,SAME_SEMANTICS_CAN_MANUALLY_RECOVER_NO_UNIQUE_TOOL_SUPERIORITY
6,G512,decode,formal-99f3bae966f2-20261010-sixblock-b6-G512-pass1,12804374,0,30042779,30042779,44847567,LIMITED_ADDED_INTERPRETATION_RELATIVE_TO_AGGREGATES,NO_OBSERVED_ADDED_INTERPRETATION_SUM_EQUALS_UNION,BASELINE_WINDOW_MINUS_API_UNION_ALREADY_RECOVERS_VALUE,SAME_SEMANTICS_CAN_MANUALLY_RECOVER_NO_UNIQUE_TOOL_SUPERIORITY
