order,block,position,condition,pass_id,run_id,full_request_ns,prefill_ns,decode_ns,warmup_stage_ns,driver_seconds
1,1,1,G32,pass0,pilot-470c5afa6400-warmup3_pair-b1-G32-pass0,165943100,86366100,79577000,1561424300,41.89099999994505
2,1,1,G32,pass1,pilot-470c5afa6400-warmup3_pair-b1-G32-pass1,216919200,116342900,100576300,1693639000,445.9219999999041
3,1,2,N0,pass1,pilot-470c5afa6400-warmup3_pair-b1-N0-pass1,218791100,120239800,98551300,1651813400,288.9220000000205
4,1,2,N0,pass0,pilot-470c5afa6400-warmup3_pair-b1-N0-pass0,143496100,80029900,63466200,1369938900,37.51600000006147
5,1,3,Nm,pass0,pilot-470c5afa6400-warmup3_pair-b1-Nm-pass0,330628200,207504000,123124200,2212501900,40.39000000001397
6,1,3,Nm,pass1,pilot-470c5afa6400-warmup3_pair-b1-Nm-pass1,211502400,111498400,100004000,1550597600,298.14099999994505
7,1,4,N16,pass1,pilot-470c5afa6400-warmup3_pair-b1-N16-pass1,198198900,105211200,92987700,1599232100,298.280999999959
8,1,4,N16,pass0,pilot-470c5afa6400-warmup3_pair-b1-N16-pass0,183807100,105337100,78470000,1636346800,38.31299999996554
9,1,5,G512,pass0,pilot-470c5afa6400-warmup3_pair-b1-G512-pass0,179402700,107540200,71862500,1481690900,37.15700000000652
10,1,5,G512,pass1,pilot-470c5afa6400-warmup3_pair-b1-G512-pass1,223105400,119703200,103402200,1863035700,432.329000000027
11,2,1,G512,pass1,pilot-470c5afa6400-warmup3_pair-b2-G512-pass1,222527700,118623300,103904400,1753520800,464.14099999994505
12,2,1,G512,pass0,pilot-470c5afa6400-warmup3_pair-b2-G512-pass0,176796100,102843900,73952200,1666373900,41.39099999994505
13,2,2,Nm,pass0,pilot-470c5afa6400-warmup3_pair-b2-Nm-pass0,156687300,88045100,68642200,1573848700,38.15599999995902
14,2,2,Nm,pass1,pilot-470c5afa6400-warmup3_pair-b2-Nm-pass1,228937200,124900500,104036700,1873288200,348.89000000001397
15,2,3,N16,pass1,pilot-470c5afa6400-warmup3_pair-b2-N16-pass1,195639200,102699300,92939900,1727971000,302.969000000041
16,2,3,N16,pass0,pilot-470c5afa6400-warmup3_pair-b2-N16-pass0,162577100,89575300,73001800,1576647000,40.67099999997299
17,2,4,N0,pass0,pilot-470c5afa6400-warmup3_pair-b2-N0-pass0,137635300,75119500,62515800,1365419300,37.311999999918044
18,2,4,N0,pass1,pilot-470c5afa6400-warmup3_pair-b2-N0-pass1,222842700,118697500,104145200,1711372000,328.594000000041
19,2,5,G32,pass1,pilot-470c5afa6400-warmup3_pair-b2-G32-pass1,213061500,115131500,97930000,1642763100,410.844000000041
20,2,5,G32,pass0,pilot-470c5afa6400-warmup3_pair-b2-G32-pass0,156843600,83219600,73624000,1417927100,41.85999999998603
21,3,1,G32,pass0,pilot-470c5afa6400-warmup3_pair-b3-G32-pass0,150609800,80603900,70005900,1268421600,38.875
22,3,1,G32,pass1,pilot-470c5afa6400-warmup3_pair-b3-G32-pass1,207680900,106968000,100712900,1631887100,426.25
23,3,2,N16,pass1,pilot-470c5afa6400-warmup3_pair-b3-N16-pass1,214196800,115241200,98955600,1815861300,316.25
24,3,2,N16,pass0,pilot-470c5afa6400-warmup3_pair-b3-N16-pass0,164987000,86186000,78801000,1557974000,40.68700000003446
25,3,3,N0,pass0,pilot-470c5afa6400-warmup3_pair-b3-N0-pass0,165485700,92934100,72551600,1499239800,40.01600000006147
26,3,3,N0,pass1,pilot-470c5afa6400-warmup3_pair-b3-N0-pass1,245056000,128246200,116809800,1892519900,297.89099999994505
27,3,4,Nm,pass1,pilot-470c5afa6400-warmup3_pair-b3-Nm-pass1,220169600,118290300,101879300,1761493800,314.4529999999795
28,3,4,Nm,pass0,pilot-470c5afa6400-warmup3_pair-b3-Nm-pass0,170456800,93884400,76572400,1569779900,41.32900000002701
29,3,5,G512,pass0,pilot-470c5afa6400-warmup3_pair-b3-G512-pass0,164695300,90485100,74210200,1604811600,40.75
30,3,5,G512,pass1,pilot-470c5afa6400-warmup3_pair-b3-G512-pass1,221746000,121105100,100640900,1726191800,422.01599999994505
