comparison,block_1_ns,block_2_ns,block_3_ns,block_4_ns,block_5_ns,block_6_ns,mean_ns,median_ns,min_ns,max_ns,sample_sd_ns,bootstrap_low_ns,bootstrap_high_ns,first_three_mean_ns,last_three_mean_ns,observed_direction
G1:P1_A:decode:A_cuda_api_non_submit_ns,-179737,-704256,-806744,406939,3169105,-1229598,109284.83333333333,-441996.5,-1229598,3169105,1601761.2698408482,-826112.8333333334,1400542.3333333333,-563579,782148.6666666666,MIXED_OR_ZERO
G1:P1_A:decode:A_cuda_api_ns,-8148070,4962362,195445,1351897,-7041293,-829123,-1584797,-316839.0,-8148070,4962362,5061218.597616625,-5168869.558333334,1999140.0,-996754.3333333334,-2172839.6666666665,MIXED_OR_ZERO
G1:P1_A:decode:A_cuda_api_submit_ns,-7968333,5666618,1002189,944958,-10210398,400475,-1694081.8333333333,672716.5,-10210398,5666618,6077751.998332062,-6118268.5,2447174.5,-433175.3333333333,-2954988.3333333335,MIXED_OR_ZERO
G1:P1_A:decode:A_device_wait_ns,0,0,0,0,0,0,0,0.0,0,0,0.0,0.0,0.0,0,0,MIXED_OR_ZERO
G1:P1_A:decode:A_host_path_ns,-2666940,-18680583,-17289846,11846215,28563071,-24843019,-3845183.6666666665,-9978393.0,-24843019,28563071,20686518.934399918,-17833998.333333332,12336495.404166583,-12879123,5188755.666666667,MIXED_OR_ZERO
G1:P1_A:decode:A_sync_residual_ns,-511,-3585,-541,1593,1683,290,-178.5,-110.5,-3585,1683,1932.3090591310697,-1697.3333333333333,1065.1666666666667,-1545.6666666666667,1188.6666666666667,MIXED_OR_ZERO
G1:P1_A:decode:A_unattributed_ns,0,0,0,0,0,0,0,0.0,0,0,0.0,0.0,0.0,0,0,MIXED_OR_ZERO
G1:P1_A:full_request:A_cuda_api_non_submit_ns,-220314,-1711009,-1268486,-341039,3673279,-2305658,-362204.5,-804762.5,-2305658,3673279,2131822.6574589876,-1650785.0,1358804.3333333333,-1066603,342194,MIXED_OR_ZERO
G1:P1_A:full_request:A_cuda_api_ns,-14980694,22962322,-1422024,9315703,-18937313,6088009,504333.8333333333,2332992.5,-18937313,22962322,15714028.51305474,-10528338.166666666,12021821.166666666,2186534.6666666665,-1177867,MIXED_OR_ZERO
G1:P1_A:full_request:A_cuda_api_submit_ns,-14760380,24673331,-153538,9656742,-22610592,8393667,866538.3333333334,4120064.5,-22610592,24673331,17303788.628797483,-11199801.333333334,13028932.27916664,3253137.6666666665,-1520061,MIXED_OR_ZERO
G1:P1_A:full_request:A_device_wait_ns,5248,-50431,-30719,16096,5696,24257,-4975.5,5472.0,-50431,24257,29140.618749436326,-27935.166666666668,15200.333333333334,-25300.666666666668,15349.666666666666,MIXED_OR_ZERO
G1:P1_A:full_request:A_host_path_ns,1416831,-31986889,-24307904,4419390,48904034,-45180111,-7789108.166666667,-11445536.5,-45180111,48904034,33776913.470829375,-30349023.954166662,18395128.5,-18292654,2714437.6666666665,MIXED_OR_ZERO
G1:P1_A:full_request:A_sync_residual_ns,68342,-199812,253801,315269,57499,-229532,44261.166666666664,62920.5,-229532,315269,224785.10762362945,-122141.16666666667,208856.33333333334,40777,47745.333333333336,MIXED_OR_ZERO
G1:P1_A:full_request:A_unattributed_ns,0,0,0,0,0,0,0,0.0,0,0,0.0,0.0,0.0,0,0,MIXED_OR_ZERO
G1:P1_A:prefill:A_cuda_api_non_submit_ns,-40577,-1006753,-461742,-747978,504174,-1076060,-471489.3333333333,-604860.0,-1076060,504174,610926.8787963635,-884339.8333333334,-10976.166666666668,-503024,-439954.6666666667,MIXED_OR_ZERO
G1:P1_A:prefill:A_cuda_api_ns,-6832624,17999960,-1617469,7963806,-11896020,6917132,2089130.8333333333,2649831.5,-11896020,17999960,10953510.157129474,-5360236.495833333,10166920.0,3183289,994972.6666666666,MIXED_OR_ZERO
G1:P1_A:prefill:A_cuda_api_submit_ns,-6792047,19006713,-1155727,8711784,-12400194,7993192,2560620.1666666665,3418732.5,-12400194,19006713,11514627.242204785,-5296327.166666667,11035746.0,3686313,1434927.3333333333,MIXED_OR_ZERO
G1:P1_A:prefill:A_device_wait_ns,5248,-50431,-30719,16096,5696,24257,-4975.5,5472.0,-50431,24257,29140.618749436326,-27935.166666666668,15200.333333333334,-25300.666666666668,15349.666666666666,MIXED_OR_ZERO
G1:P1_A:prefill:A_host_path_ns,4083771,-13306306,-7018058,-7426825,20340963,-20337092,-3943924.5,-7222441.5,-20337092,20340963,14367815.955333626,-13621946.5,7395588.166666667,-5413531,-2474318,MIXED_OR_ZERO
G1:P1_A:prefill:A_sync_residual_ns,68853,-196227,254342,313676,55816,-229822,44439.666666666664,62334.5,-229822,313676,223791.2110773492,-121238.16666666667,207944.66666666666,42322.666666666664,46556.666666666664,MIXED_OR_ZERO
G1:P1_A:prefill:A_unattributed_ns,0,0,0,0,0,0,0,0.0,0,0,0.0,0.0,0.0,0,0,MIXED_OR_ZERO
G1:pass0:decode,235700,15033100,5665200,13635100,-7158400,6903300,5719000,6284250.0,-7158400,15033100,8327263.279133187,-323200.0,11624166.666666666,6978000,4460000,MIXED_OR_ZERO
G1:pass0:full_request,9487600,33239500,20600400,35082300,-17692100,19791200,16751483.333333334,20195800.0,-17692100,35082300,19344518.624707792,1708533.3333333333,29505866.666666668,21109166.666666668,12393800,MIXED_OR_ZERO
G1:pass0:prefill,9251900,18206400,14935200,21447200,-10533700,12887900,11032483.333333334,13911550.0,-10533700,21447200,11374321.188961856,1859533.3333333333,17855050.0,14131166.666666666,7933800,MIXED_OR_ZERO
G1:pass1:decode,-9684800,-13197900,-17806000,12601800,19324800,-24746100,-5584700,-11441350.0,-24746100,19324800,17564299.191257246,-17800966.666666668,7416026.249999969,-13562900,2393500,MIXED_OR_ZERO
G1:pass1:full_request,-12170000,-8597500,-25232600,13118100,28933300,-38176400,-7020850,-10383750.0,-38176400,28933300,24615498.833600752,-24597583.333333332,11014650.0,-15333366.666666666,1291666.6666666667,MIXED_OR_ZERO
G1:pass1:prefill,-2485200,4600400,-7426600,516300,9608500,-13430300,-1436150,-984450.0,-13430300,9608500,8283500.731635146,-7589266.666666667,4408150.0,-1770466.6666666667,-1101833.3333333333,MIXED_OR_ZERO
N1_marker:P1_A:decode:A_cuda_api_non_submit_ns,1001989,815698,242593,-901712,444639,219738,303824.1666666667,343616.0,-901712,1001989,668343.4687911349,-210611.83333333334,720180.5,686760,-79111.66666666667,MIXED_OR_ZERO
N1_marker:P1_A:decode:A_cuda_api_ns,11889011,7808421,8161331,-7306528,4983818,-9515493,2670093.3333333335,6396119.5,-9515493,11889011,8887287.039537018,-3843461.3333333335,8756668.833333334,9286254.333333334,-3946067.6666666665,MIXED_OR_ZERO
N1_marker:P1_A:decode:A_cuda_api_submit_ns,10887022,6992723,7918738,-6404816,4539179,-9735231,2366269.1666666665,5765951.0,-9735231,10887022,8401630.704719303,-3866956.0,8104780.333333333,8599494.333333334,-3866956,MIXED_OR_ZERO
N1_marker:P1_A:decode:A_device_wait_ns,0,0,0,0,0,0,0,0.0,0,0,0.0,0.0,0.0,0,0,MIXED_OR_ZERO
N1_marker:P1_A:decode:A_host_path_ns,20316104,17348422,12388678,-15152940,11957633,-1376382,7580252.5,12173155.5,-15152940,20316104,13393437.254493408,-2847767.3333333335,16208709.333333334,16684401.333333334,-1523896.3333333333,MIXED_OR_ZERO
N1_marker:P1_A:decode:A_sync_residual_ns,-132,1012,1562,-482,993,1242,699.1666666666666,1002.5,-482,1562,813.5532967585262,71.16666666666667,1265.6666666666667,814,584.3333333333334,MIXED_OR_ZERO
N1_marker:P1_A:decode:A_unattributed_ns,0,0,0,0,0,0,0,0.0,0,0,0.0,0.0,0.0,0,0,MIXED_OR_ZERO
N1_marker:P1_A:full_request:A_cuda_api_non_submit_ns,1302308,628124,1748181,-2021779,669995,1321865,608115.6666666666,986151.5,-2021779,1748181,1357325.7099030677,-503172.8333333333,1386398.6666666667,1226204.3333333333,-9973,MIXED_OR_ZERO
N1_marker:P1_A:full_request:A_cuda_api_ns,28641518,15846235,15988189,-12922023,8364413,-25985741,4988765.166666667,12105324.0,-25985741,28641518,20444735.53635052,-10349338.833333334,18888018.0,20158647.333333332,-10181117,MIXED_OR_ZERO
N1_marker:P1_A:full_request:A_cuda_api_submit_ns,27339210,15218111,14240008,-10900244,7694418,-27307606,4380649.5,10967213.0,-27307606,27339210,19951868.716944184,-10723841.0,17678494.166666668,18932443,-10171144,MIXED_OR_ZERO
N1_marker:P1_A:full_request:A_device_wait_ns,-64352,-96,-896,-21312,2720,17792,-11024,-496.0,-64352,17792,28951.599223531677,-32912.0,6538.666666666667,-21781.333333333332,-266.6666666666667,MIXED_OR_ZERO
N1_marker:P1_A:full_request:A_host_path_ns,40160783,24159027,23659239,-37501337,18781275,-12386998,9478664.833333334,21220257.0,-37501337,40160783,28739382.149058517,-12845457.166666666,28430057.666666668,29326349.666666668,-10369020,MIXED_OR_ZERO
N1_marker:P1_A:full_request:A_sync_residual_ns,-667661,-30038,-617956,-37568,67638,-150459,-239340.66666666666,-94013.5,-667661,67638,320457.03185523435,-466906.0,-18804.5,-438551.6666666667,-40129.666666666664,MIXED_OR_ZERO
N1_marker:P1_A:full_request:A_unattributed_ns,0,0,0,0,0,0,0,0.0,0,0,0.0,0.0,0.0,0,0,MIXED_OR_ZERO
N1_marker:P1_A:prefill:A_cuda_api_non_submit_ns,300319,-187574,1505588,-1120067,225356,1102127,304291.5,262837.5,-1120067,1505588,933448.4631195768,-370048.6666666667,956850.8333333334,539444.3333333334,69138.66666666667,MIXED_OR_ZERO
N1_marker:P1_A:prefill:A_cuda_api_ns,16752507,8037814,7826858,-5615495,3380595,-16470248,2318671.8333333335,5603726.5,-16470248,16752507,11734449.21794119,-6562087.166666667,10119609.0,10872393,-6235049.333333333,MIXED_OR_ZERO
N1_marker:P1_A:prefill:A_cuda_api_submit_ns,16452188,8225388,6321270,-4495428,3155239,-17572375,2014380.3333333333,4738254.5,-17572375,16452188,11771969.695660938,-7110982.5,9901299.0,10332948.666666666,-6304188,MIXED_OR_ZERO
N1_marker:P1_A:prefill:A_device_wait_ns,-64352,-96,-896,-21312,2720,17792,-11024,-496.0,-64352,17792,28951.599223531677,-32912.0,6538.666666666667,-21781.333333333332,-266.6666666666667,MIXED_OR_ZERO
N1_marker:P1_A:prefill:A_host_path_ns,19844679,6810605,11270561,-22348397,6823642,-11010616,1898412.3333333333,6817123.5,-22348397,19844679,15574620.106589459,-9930042.666666666,12534706.783333294,12641948.333333334,-8845123.666666666,MIXED_OR_ZERO
N1_marker:P1_A:prefill:A_sync_residual_ns,-667529,-31050,-619518,-37086,66645,-151701,-240039.83333333334,-94393.5,-667529,66645,320461.2338386137,-467476.0,-19599.5,-439365.6666666667,-40714,MIXED_OR_ZERO
N1_marker:P1_A:prefill:A_unattributed_ns,0,0,0,0,0,0,0,0.0,0,0,0.0,0.0,0.0,0,0,MIXED_OR_ZERO
N1_marker:pass0:decode,3554500,13033300,10548800,-4673000,-2892700,12900300,5411866.666666667,7051650.0,-4673000,13033300,7933109.580149935,-468066.6666666667,10995083.333333334,9045533.333333334,1778200,MIXED_OR_ZERO
N1_marker:pass0:full_request,88300,15664400,17775400,-15768100,-13309100,3700100,1358500,1894200.0,-15768100,17775400,14069319.786969092,-9061000.0,11778000.0,11176033.333333334,-8459033.333333334,MIXED_OR_ZERO
N1_marker:pass0:prefill,-3466200,2631100,7226600,-11095100,-10416400,-9200200,-4053366.6666666665,-6333200.0,-11095100,7226600,7600376.335594618,-9281566.666666666,1875233.3333333333,2130500,-10237233.333333334,MIXED_OR_ZERO
N1_marker:pass1:decode,31977200,23791700,20594900,-22935600,17348300,-9708900,10177933.333333334,18971600.0,-22935600,31977200,21505637.644921545,-6229283.333333333,24380700.0,25454600,-5098733.333333333,MIXED_OR_ZERO
N1_marker:pass1:full_request,67409100,38076000,39280900,-51088000,26643000,-37809800,13751866.666666666,32359500.0,-51088000,67409100,47226028.39907953,-20858316.666666668,46149016.666666664,48255333.333333336,-20751600,MIXED_OR_ZERO
N1_marker:pass1:prefill,35431900,14284300,18686000,-28152400,9294700,-28100900,3573933.3333333335,11789500.0,-28152400,35431900,26079106.648554254,-14829850.0,21969133.333333332,22800733.333333332,-15652866.666666666,MIXED_OR_ZERO
N1_sync:P1_A:decode:A_cuda_api_non_submit_ns,637667,-1388926,716305,1377240,927615,207225,412854.3333333333,676986.0,-1388926,1377240,961908.2172980261,-350720.5,997144.1666666666,-11651.333333333334,837360,MIXED_OR_ZERO
N1_sync:P1_A:decode:A_cuda_api_ns,-21700016,-6550900,-13529032,11147089,3225842,10193043,-2868995.6666666665,-1662529.0,-21700016,11147089,13311759.092155337,-12496001.0,6559201.0,-13926649.333333334,8188658,MIXED_OR_ZERO
N1_sync:P1_A:decode:A_cuda_api_submit_ns,-22337683,-5161974,-14245337,9769849,2298227,9985818,-3281850,-1431873.5,-22337683,9985818,13148177.09835997,-12776988.666666666,6070032.833333333,-13914998,7351298,MIXED_OR_ZERO
N1_sync:P1_A:decode:A_device_wait_ns,130335,762937,107807,107071,107231,107647,220504.66666666666,107727.0,107071,762937,265894.3934434622,107369.66666666667,439004.0,333693,107316.33333333333,POSITIVE
N1_sync:P1_A:decode:A_host_path_ns,6845416,-18223982,1697615,20697586,11880844,20232714,7188365.5,9363130.0,-18223982,20697586,14496391.148514112,-4238554.833333333,16764476.666666666,-3226983.6666666665,17603714.666666668,MIXED_OR_ZERO
N1_sync:P1_A:decode:A_sync_residual_ns,160059,127351,123778,124564,104374,631285,211901.83333333334,125957.5,104374,631285,206240.00840905402,118036.5,383709.3333333333,137062.66666666666,286741,POSITIVE
N1_sync:P1_A:decode:A_unattributed_ns,0,0,0,0,0,0,0,0.0,0,0,0.0,0.0,0.0,0,0,MIXED_OR_ZERO
N1_sync:P1_A:full_request:A_cuda_api_non_submit_ns,2195773,-2351399,-275968,1969537,-296040,552452,299059.1666666667,138242.0,-2351399,2195773,1682970.8992744249,-942778.0,1468878.0,-143864.66666666666,741983,MIXED_OR_ZERO
N1_sync:P1_A:full_request:A_cuda_api_ns,-43404027,-15337908,-24835146,27999631,4359085,19943796,-5212428.166666667,-5489411.5,-43404027,27999631,27472404.23108815,-24764213.5,14151338.5,-27859027,17434170.666666668,MIXED_OR_ZERO
N1_sync:P1_A:full_request:A_cuda_api_submit_ns,-45599800,-12986509,-24559178,26030094,4655125,19391344,-5511487.333333333,-4165692.0,-45599800,26030094,27364742.457661096,-25341388.0,13751915.333333334,-27715162.333333332,16692187.666666666,MIXED_OR_ZERO
N1_sync:P1_A:full_request:A_device_wait_ns,164639,782264,107711,108062,117119,46015,220968.33333333334,112590.5,46015,782264,277558.7273898385,87262.66666666667,453680.8333333333,351538,90398.66666666667,POSITIVE
N1_sync:P1_A:full_request:A_host_path_ns,17229003,-31985845,-2764243,33262185,4807126,41691798,10373337.333333334,11018064.5,-31985845,41691798,26644416.042920608,-9965703.833333334,28800389.833333332,-5840361.666666667,26587036.333333332,MIXED_OR_ZERO
N1_sync:P1_A:full_request:A_sync_residual_ns,850956,665374,94810,64776,726698,508672,485214.3333333333,587023.0,64776,850956,332948.35372571927,243864.0,711338.3333333334,537046.6666666666,433382,POSITIVE
N1_sync:P1_A:full_request:A_unattributed_ns,0,0,0,0,0,0,0,0.0,0,0,0.0,0.0,0.0,0,0,MIXED_OR_ZERO
N1_sync:P1_A:prefill:A_cuda_api_non_submit_ns,1558106,-962473,-992273,592297,-1223655,345227,-113795.16666666667,-308623.0,-1223655,1558106,1116090.2496229266,-846483.6666666666,731364.5,-132213.33333333334,-95377,MIXED_OR_ZERO
N1_sync:P1_A:prefill:A_cuda_api_ns,-21704011,-8787008,-11306114,16852542,1133243,9750753,-2343432.5,-3826882.5,-21704011,16852542,14307504.025473244,-12358610.166666666,7844757.666666667,-13932377.666666666,9245512.666666666,MIXED_OR_ZERO
N1_sync:P1_A:prefill:A_cuda_api_submit_ns,-23262117,-7824535,-10313841,16260245,2356898,9405526,-2229637.3333333335,-2733818.5,-23262117,16260245,14403551.719011094,-12518143.166666666,7676302.333333333,-13800164.333333334,9340889.666666666,MIXED_OR_ZERO
N1_sync:P1_A:prefill:A_device_wait_ns,34304,19327,-96,991,9888,-61632,463.6666666666667,5439.5,-61632,34304,33003.8624689091,-25962.833333333332,20522.333333333336,17845,-16917.666666666668,MIXED_OR_ZERO
N1_sync:P1_A:prefill:A_host_path_ns,10383587,-13761863,-4461858,12564599,-7073718,21459084,3184971.8333333335,2960864.5,-13761863,21459084,13598901.25008725,-6709427.666666667,13320009.166666666,-2613378,8983321.666666666,MIXED_OR_ZERO
N1_sync:P1_A:prefill:A_sync_residual_ns,690897,538023,-28968,-59788,622324,-122613,273312.5,254527.5,-122613,690897,380878.96657954215,18905.5,529833.0,399984,146641,MIXED_OR_ZERO
N1_sync:P1_A:prefill:A_unattributed_ns,0,0,0,0,0,0,0,0.0,0,0,0.0,0.0,0.0,0,0,MIXED_OR_ZERO
N1_sync:pass0:decode,23475600,-3047400,12913900,8295900,2890900,-3862800,6777683.333333333,5593400.0,-3862800,23475600,10427250.745890148,-438933.3333333333,14764866.666666666,11114033.333333334,2441333.3333333335,MIXED_OR_ZERO
N1_sync:pass0:full_request,49826500,-694000,13720200,18336200,5929200,-20177700,11156733.333333334,9824700.0,-20177700,49826500,23251153.324656107,-4861783.333333333,28841816.666666668,20950900,1362566.6666666667,MIXED_OR_ZERO
N1_sync:pass0:prefill,26350900,2353400,806300,10040300,3038300,-16314900,4379050,2695850.0,-16314900,26350900,13868791.739982255,-5703192.499999996,14469153.749999957,9836866.666666666,-1078766.6666666667,MIXED_OR_ZERO
N1_sync:pass1:decode,-13979900,-22872100,-13531000,31943800,14657500,31079800,4549683.333333333,563250.0,-22872100,31943800,24407635.87711163,-12098120.416666666,22375816.666666668,-16794333.333333332,25893700,MIXED_OR_ZERO
N1_sync:pass1:full_request,-24229400,-44426100,-29055900,62623000,8683600,61842300,5906250,-7772900.0,-44426100,62623000,46940813.549096055,-27084966.666666668,39027583.333333336,-32570466.666666668,44382966.666666664,MIXED_OR_ZERO
N1_sync:pass1:prefill,-10249500,-21554000,-15524900,30679200,-5973900,30762500,1356566.6666666667,-8111700.0,-21554000,30762500,23335981.863351427,-14896900.0,17790550.0,-15776133.333333334,18489266.666666668,MIXED_OR_ZERO
interaction_marker:decode,28422700,10758400,10046100,-18262600,20241000,-22609200,4766066.666666667,10402250.0,-22609200,28422700,20700827.938192874,-10275233.333333334,19353116.666666668,16409066.666666666,-6876933.333333333,MIXED_OR_ZERO
interaction_marker:full_request,67320800,22411600,21505500,-35319900,39952100,-41509900,12393366.666666666,21958550.0,-41509900,67320800,42759842.52046149,-18441433.333333332,42926133.333333336,37079300,-12292566.666666666,MIXED_OR_ZERO
interaction_marker:prefill,38898100,11653200,11459400,-17057300,19711100,-18900700,7627300,11556300.0,-18900700,38898100,22216382.59240239,-8166200.0,23388500.0,20670233.333333332,-5415633.333333333,MIXED_OR_ZERO
interaction_sync:decode,-37455500,-19824700,-26444900,23647900,11766600,34942600,-2228000,-4029050.0,-37455500,34942600,29611293.072339818,-22643150.0,19111350.0,-27908366.666666668,23452366.666666668,MIXED_OR_ZERO
interaction_sync:full_request,-74055900,-43732100,-42776100,44286800,2754400,82020000,-5250483.333333333,-20010850.0,-74055900,82020000,59594211.04206067,-45932950.0,41561516.666666664,-53521366.666666664,43020400,MIXED_OR_ZERO
interaction_sync:prefill,-36600400,-23907400,-16331200,20638900,-9012200,47077400,-3022483.3333333335,-12671700.0,-36600400,47077400,31133628.918480843,-23682316.666666668,21491916.666666668,-25613000,19568033.333333332,MIXED_OR_ZERO
profile:G32:decode,19314000,45101400,32616200,13431400,29671800,38877600,29835400,31144000.0,13431400,45101400,11852112.253940223,20869900.0,38374333.333333336,32343866.666666668,27326933.333333332,POSITIVE
profile:G32:full_request,47278300,91594200,72940600,34933300,54002500,68073700,61470433.333333336,61038100.0,34933300,91594200,20218878.775012888,46629200.0,76002116.66666667,70604366.66666667,52336500,POSITIVE
profile:G32:prefill,27964300,46492800,40324400,21501900,24330700,29196100,31635033.333333332,28580200.0,21501900,46492800,9713029.177278666,25009566.666666668,39105433.333333336,38260500,25009566.666666668,POSITIVE
profile:G512:decode,9393500,16870400,9145000,12398100,56155000,7228200,18531700,10895800.0,7228200,56155000,18736486.425794993,9089666.666666666,33978983.333333336,11802966.666666666,25260433.333333332,POSITIVE
profile:G512:full_request,25620700,49757200,27107600,12969100,100627900,10106100,37698100,26364150.0,10106100,100627900,33871657.19848971,16709133.333333334,64809100.0,34161833.333333336,41234366.666666664,POSITIVE
profile:G512:prefill,16227200,32886800,17962600,571000,44472900,2877900,19166400,17094900.0,571000,44472900,17028567.073597237,6847933.333333333,31484866.666666668,22358866.666666668,15973933.333333334,POSITIVE
profile:N0:decode,32346200,18954400,23999700,42072600,13977500,25483800,26139033.333333332,24741750.0,13977500,42072600,9969306.813749222,19471900.0,33586350.0,25100100,27177966.666666668,POSITIVE
profile:N0:full_request,61867900,46905900,43379400,86510700,34036800,44847200,52924650,45876550.0,34036800,86510700,18747467.564527214,41097583.333333336,68026466.66666667,50717733.333333336,55131566.666666664,POSITIVE
profile:N0:prefill,29521700,27951500,19379700,44438100,20059300,19363400,26785616.666666668,24005400.0,19363400,44438100,9753315.760379475,20916166.666666668,34768998.33333329,25617633.333333332,27953600,POSITIVE
profile:N16:decode,23313400,9888100,7600900,47457900,45985100,37817200,28677100,30565300.0,7600900,47457900,17673871.93446869,15636900.0,41090633.333333336,13600800,43753400,POSITIVE
profile:N16:full_request,55132800,25585400,22108800,95477600,76743300,85357300,60067533.333333336,65938050.0,22108800,95477600,31066898.33849956,37297983.333333336,82257650.0,34275666.666666664,85859400,POSITIVE
profile:N16:prefill,31819400,15697300,14507900,48019700,30758200,47540100,31390433.333333332,31288800.0,14507900,48019700,14623421.899633022,20498000.0,42299866.666666664,20674866.666666668,42106000,POSITIVE
profile:Nm:decode,60768900,29712800,34045800,23810000,34218500,2874600,30905100,31879300.0,2874600,60768900,18709142.791907918,17044650.0,44979216.666666664,41509166.666666664,20301033.333333332,POSITIVE
profile:Nm:full_request,129188700,69317500,64884900,51190800,73988900,3337300,65318016.666666664,67101200.0,3337300,129188700,40526582.27259815,35588633.333333336,96231983.33333333,87797033.33333333,42839000,POSITIVE
profile:Nm:prefill,68419800,39604700,30839100,27380800,39770400,462700,34412916.666666664,35221900.0,462700,68419800,22031638.150570344,18306026.66666667,50541616.666666664,46287866.666666664,22537966.666666668,POSITIVE
