block,condition,phase,run_id,T_window_ns,A_host_path_ns,A_cuda_api_ns,A_device_wait_ns,A_sync_residual_ns,A_unattributed_ns,A_cuda_api_submit_ns,A_cuda_api_non_submit_ns,A_device_wait_kernel_only_ns,A_device_wait_memop_only_ns,A_device_wait_kernel_memop_mixed_ns,runtime_api_count,runtime_api_sum_ns,runtime_api_union_ns,sync_api_count,sync_api_sum_ns,sync_api_union_ns,kernel_count,kernel_sum_ns,kernel_union_ns,memop_count,memop_sum_ns,memop_union_ns,gpu_sum_ns,gpu_union_ns,mapped_count,mapping_count,driver_layer_status,domain_sha256
1,G32,full_request,formal-99f3bae966f2-20261010-sixblock-b1-G32-pass1,178680972,94484439,84076614,9952,109967,0,80873094,3203520,9536,416,0,9672,84196533,84196533,3,119919,119919,3492,37122616,37122616,6,265950,265950,37388566,37388566,3498,3498,NOT_COLLECTED_UNKNOWN,805cdb63b2889789a51c9d67f4b2e3662241e4eabb11ecd6206fd5d9f5289924
1,G32,prefill,formal-99f3bae966f2-20261010-sixblock-b1-G32-pass1,94065523,49277721,44691048,9952,86802,0,42987292,1703756,9536,416,0,5092,44787802,44787802,2,96754,96754,1902,20721759,20721759,4,138655,138655,20860414,20860414,1906,1906,NOT_COLLECTED_UNKNOWN,805cdb63b2889789a51c9d67f4b2e3662241e4eabb11ecd6206fd5d9f5289924
1,G32,decode,formal-99f3bae966f2-20261010-sixblock-b1-G32-pass1,84615449,45206718,39385566,0,23165,0,37885802,1499764,0,0,0,4580,39408731,39408731,1,23165,23165,1590,16400857,16400857,2,127295,127295,16528152,16528152,1592,1592,NOT_COLLECTED_UNKNOWN,805cdb63b2889789a51c9d67f4b2e3662241e4eabb11ecd6206fd5d9f5289924
1,G512,full_request,formal-99f3bae966f2-20261010-sixblock-b1-G512-pass1,165190699,95901270,69095920,15200,178309,0,66112714,2983206,14784,416,0,9502,69289429,69289429,3,193509,193509,3408,59229492,59229492,89,669468,669468,59898960,59898960,3497,3497,NOT_COLLECTED_UNKNOWN,95b982c6b36c8bf498fb8f3cd3ae3393ee2e45a388e4780dcdf8b3cec3ac0f27
1,G512,prefill,formal-99f3bae966f2-20261010-sixblock-b1-G512-pass1,91390771,53361492,37858424,15200,155655,0,36195245,1663179,14784,416,0,4922,38029279,38029279,2,170855,170855,1818,43488556,43488556,87,668732,668732,44157288,44157288,1905,1905,NOT_COLLECTED_UNKNOWN,95b982c6b36c8bf498fb8f3cd3ae3393ee2e45a388e4780dcdf8b3cec3ac0f27
1,G512,decode,formal-99f3bae966f2-20261010-sixblock-b1-G512-pass1,73799928,42539778,31237496,0,22654,0,29917469,1320027,0,0,0,4580,31260150,31260150,1,22654,22654,1590,15740936,15740936,2,736,736,15741672,15741672,1592,1592,NOT_COLLECTED_UNKNOWN,95b982c6b36c8bf498fb8f3cd3ae3393ee2e45a388e4780dcdf8b3cec3ac0f27
1,N0,full_request,formal-99f3bae966f2-20261010-sixblock-b1-N0-pass1,182945617,106924367,75100826,77696,842728,0,70764454,4336372,76128,1568,0,9678,76021250,76021250,3,920424,920424,3492,31622081,31622081,6,17280,17280,31639361,31639361,3498,3498,NOT_COLLECTED_UNKNOWN,246c3cc84ac23031f359ac76c04db7b8074becca8317150954fa88ddaf09f317
1,N0,prefill,formal-99f3bae966f2-20261010-sixblock-b1-N0-pass1,96868196,57401360,38570459,77696,818681,0,35791530,2778929,76128,1568,0,5098,39466836,39466836,2,896377,896377,1902,17373753,17373753,4,4672,4672,17378425,17378425,1906,1906,NOT_COLLECTED_UNKNOWN,246c3cc84ac23031f359ac76c04db7b8074becca8317150954fa88ddaf09f317
1,N0,decode,formal-99f3bae966f2-20261010-sixblock-b1-N0-pass1,86077421,49523007,36530367,0,24047,0,34972924,1557443,0,0,0,4580,36554414,36554414,1,24047,24047,1590,14248328,14248328,2,12608,12608,14260936,14260936,1592,1592,NOT_COLLECTED_UNKNOWN,246c3cc84ac23031f359ac76c04db7b8074becca8317150954fa88ddaf09f317
1,N16,full_request,formal-99f3bae966f2-20261010-sixblock-b1-N16-pass1,225856476,164314153,60338317,177983,1026023,0,52503864,7834453,142495,35488,0,9679,61542323,61542323,4,1204006,1204006,3492,30414603,30414603,6,50976,50976,30465579,30465579,3498,3498,NOT_COLLECTED_UNKNOWN,18d17d049915c435eaba6470b21d4a9287a2d45f02656b89d1bb07c201250c18
1,N16,prefill,formal-99f3bae966f2-20261010-sixblock-b1-N16-pass1,122138278,87629626,33618955,47648,842049,0,28981601,4637354,12160,35488,0,5098,34508652,34508652,2,889697,889697,1902,17501077,17501077,4,39680,39680,17540757,17540757,1906,1906,NOT_COLLECTED_UNKNOWN,18d17d049915c435eaba6470b21d4a9287a2d45f02656b89d1bb07c201250c18
1,N16,decode,formal-99f3bae966f2-20261010-sixblock-b1-N16-pass1,103718198,76684527,26719362,130335,183974,0,23522263,3197099,130335,0,0,4581,27033671,27033671,2,314309,314309,1590,12913526,12913526,2,11296,11296,12924822,12924822,1592,1592,NOT_COLLECTED_UNKNOWN,18d17d049915c435eaba6470b21d4a9287a2d45f02656b89d1bb07c201250c18
1,Nm,full_request,formal-99f3bae966f2-20261010-sixblock-b1-Nm-pass1,251015905,147085150,103742344,13344,175067,0,98103664,5638680,11808,1536,0,9678,103930755,103930755,3,188411,188411,3492,40514501,40514501,6,6176,6176,40520677,40520677,3498,3498,NOT_COLLECTED_UNKNOWN,d19618c380a35d2bd865485b800fff0421e6ec578bd0ca00884f45851903ad14
1,Nm,prefill,formal-99f3bae966f2-20261010-sixblock-b1-Nm-pass1,132733501,77246039,55322966,13344,151152,0,52243718,3079248,11808,1536,0,5098,55487462,55487462,2,164496,164496,1902,19347084,19347084,4,4640,4640,19351724,19351724,1906,1906,NOT_COLLECTED_UNKNOWN,d19618c380a35d2bd865485b800fff0421e6ec578bd0ca00884f45851903ad14
1,Nm,decode,formal-99f3bae966f2-20261010-sixblock-b1-Nm-pass1,118282404,69839111,48419378,0,23915,0,45859946,2559432,0,0,0,4580,48443293,48443293,1,23915,23915,1590,21167417,21167417,2,1536,1536,21168953,21168953,1592,1592,NOT_COLLECTED_UNKNOWN,d19618c380a35d2bd865485b800fff0421e6ec578bd0ca00884f45851903ad14
2,G32,full_request,formal-99f3bae966f2-20261010-sixblock-b2-G32-pass1,219549945,152250307,66919190,65535,314913,0,61039869,5879321,65055,480,0,9672,67299638,67299638,3,380448,380448,3492,39767692,39767692,6,96607,96607,39864299,39864299,3498,3498,NOT_COLLECTED_UNKNOWN,2035c7ab9fc07ca72eb0d846aefbf495f8296ce1c3b366b70fe4cfc85a4c3b0b
2,G32,prefill,formal-99f3bae966f2-20261010-sixblock-b2-G32-pass1,114589413,80032939,34204018,65535,286921,0,30647863,3556155,65055,480,0,5092,34556474,34556474,2,352456,352456,1902,22856686,22856686,4,3936,3936,22860622,22860622,1906,1906,NOT_COLLECTED_UNKNOWN,2035c7ab9fc07ca72eb0d846aefbf495f8296ce1c3b366b70fe4cfc85a4c3b0b
2,G32,decode,formal-99f3bae966f2-20261010-sixblock-b2-G32-pass1,104960532,72217368,32715172,0,27992,0,30392006,2323166,0,0,0,4580,32743164,32743164,1,27992,27992,1590,16911006,16911006,2,92671,92671,17003677,17003677,1592,1592,NOT_COLLECTED_UNKNOWN,2035c7ab9fc07ca72eb0d846aefbf495f8296ce1c3b366b70fe4cfc85a4c3b0b
2,G512,full_request,formal-99f3bae966f2-20261010-sixblock-b2-G512-pass1,210275135,120263418,89881512,15104,115101,0,85713200,4168312,14656,448,0,9502,90011717,90011717,3,130205,130205,3408,56502018,56502018,89,1260341,1260341,57762359,57762359,3497,3497,NOT_COLLECTED_UNKNOWN,1e6945af1e29a3037b9911bfce0f1108d05cf20486d5868c558efd03968746fb
2,G512,prefill,formal-99f3bae966f2-20261010-sixblock-b2-G512-pass1,119036409,66726633,52203978,15104,90694,0,49654576,2549402,14656,448,0,4922,52309776,52309776,2,105798,105798,1818,44806172,44806172,87,1259573,1259573,46065745,46065745,1905,1905,NOT_COLLECTED_UNKNOWN,1e6945af1e29a3037b9911bfce0f1108d05cf20486d5868c558efd03968746fb
2,G512,decode,formal-99f3bae966f2-20261010-sixblock-b2-G512-pass1,91238726,53536785,37677534,0,24407,0,36058624,1618910,0,0,0,4580,37701941,37701941,1,24407,24407,1590,11695846,11695846,2,768,768,11696614,11696614,1592,1592,NOT_COLLECTED_UNKNOWN,1e6945af1e29a3037b9911bfce0f1108d05cf20486d5868c558efd03968746fb
2,N0,full_request,formal-99f3bae966f2-20261010-sixblock-b2-N0-pass1,187555587,118490733,68852547,13344,198963,0,62408751,6443796,11808,1536,0,9678,69064854,69064854,3,212307,212307,3492,33916711,33916711,6,12192,12192,33928903,33928903,3498,3498,NOT_COLLECTED_UNKNOWN,880f04356b88b90ff3f4d47e296bc610fa2594c5ae35e0927411a94e48139b79
2,N0,prefill,formal-99f3bae966f2-20261010-sixblock-b2-N0-pass1,103896415,64360310,39349436,13344,173325,0,35191720,4157716,11808,1536,0,5098,39536105,39536105,2,186669,186669,1902,20176039,20176039,4,4704,4704,20180743,20180743,1906,1906,NOT_COLLECTED_UNKNOWN,880f04356b88b90ff3f4d47e296bc610fa2594c5ae35e0927411a94e48139b79
2,N0,decode,formal-99f3bae966f2-20261010-sixblock-b2-N0-pass1,83659172,54130423,29503111,0,25638,0,27217031,2286080,0,0,0,4580,29528749,29528749,1,25638,25638,1590,13740672,13740672,2,7488,7488,13748160,13748160,1592,1592,NOT_COLLECTED_UNKNOWN,880f04356b88b90ff3f4d47e296bc610fa2594c5ae35e0927411a94e48139b79
2,N16,full_request,formal-99f3bae966f2-20261010-sixblock-b2-N16-pass1,181654600,110663915,69360874,795512,834299,0,64640353,4720521,793944,1568,0,9679,70990685,70990685,4,1629811,1629811,3492,44097231,44097231,6,29568,29568,44126799,44126799,3498,3498,NOT_COLLECTED_UNKNOWN,116b3987a938082c67a1685dc8b06126aad5f32fe9fa3a228e7ece9bf641e0a1
2,N16,prefill,formal-99f3bae966f2-20261010-sixblock-b2-N16-pass1,96722167,57409052,38600242,32575,680298,0,35592573,3007669,31007,1568,0,5098,39313115,39313115,2,712873,712873,1902,23188247,23188247,4,24704,24704,23212951,23212951,1906,1906,NOT_COLLECTED_UNKNOWN,116b3987a938082c67a1685dc8b06126aad5f32fe9fa3a228e7ece9bf641e0a1
2,N16,decode,formal-99f3bae966f2-20261010-sixblock-b2-N16-pass1,84932433,53254863,30760632,762937,154001,0,29047780,1712852,762937,0,0,4581,31677570,31677570,2,916938,916938,1590,20908984,20908984,2,4864,4864,20913848,20913848,1592,1592,NOT_COLLECTED_UNKNOWN,116b3987a938082c67a1685dc8b06126aad5f32fe9fa3a228e7ece9bf641e0a1
2,Nm,full_request,formal-99f3bae966f2-20261010-sixblock-b2-Nm-pass1,227530715,142649760,84698782,13248,168925,0,77626862,7071920,11680,1568,0,9678,84880955,84880955,3,182173,182173,3492,49038616,49038616,6,14272,14272,49052888,49052888,3498,3498,NOT_COLLECTED_UNKNOWN,f2453ef64f0bf11e68f66459f94b8786f79647d3761924c82ba98d29c330a1d0
2,Nm,prefill,formal-99f3bae966f2-20261010-sixblock-b2-Nm-pass1,118713688,71170915,47387250,13248,142275,0,43417108,3970142,11680,1568,0,5098,47542773,47542773,2,155523,155523,1902,28056642,28056642,4,12864,12864,28069506,28069506,1906,1906,NOT_COLLECTED_UNKNOWN,f2453ef64f0bf11e68f66459f94b8786f79647d3761924c82ba98d29c330a1d0
2,Nm,decode,formal-99f3bae966f2-20261010-sixblock-b2-Nm-pass1,108817027,71478845,37311532,0,26650,0,34209754,3101778,0,0,0,4580,37338182,37338182,1,26650,26650,1590,20981974,20981974,2,1408,1408,20983382,20983382,1592,1592,NOT_COLLECTED_UNKNOWN,f2453ef64f0bf11e68f66459f94b8786f79647d3761924c82ba98d29c330a1d0
3,G32,full_request,formal-99f3bae966f2-20261010-sixblock-b3-G32-pass1,189198358,119469855,69384479,63935,280089,0,65062736,4321743,63487,448,0,9672,69728503,69728503,3,344024,344024,3492,32732541,32732541,6,16320,16320,32748861,32748861,3498,3498,NOT_COLLECTED_UNKNOWN,ed54b6779124c743751dd1dcc24eeb202375d545ff693900ecc681b45dddf542
3,G32,prefill,formal-99f3bae966f2-20261010-sixblock-b3-G32-pass1,99087838,58201397,40569127,63935,253379,0,38567712,2001415,63487,448,0,5092,40886441,40886441,2,317314,317314,1902,16970330,16970330,4,15488,15488,16985818,16985818,1906,1906,NOT_COLLECTED_UNKNOWN,ed54b6779124c743751dd1dcc24eeb202375d545ff693900ecc681b45dddf542
3,G32,decode,formal-99f3bae966f2-20261010-sixblock-b3-G32-pass1,90110520,61268458,28815352,0,26710,0,26495024,2320328,0,0,0,4580,28842062,28842062,1,26710,26710,1590,15762211,15762211,2,832,832,15763043,15763043,1592,1592,NOT_COLLECTED_UNKNOWN,ed54b6779124c743751dd1dcc24eeb202375d545ff693900ecc681b45dddf542
3,G512,full_request,formal-99f3bae966f2-20261010-sixblock-b3-G512-pass1,163691512,95161951,67962455,33216,533890,0,64909198,3053257,32768,448,0,9502,68529561,68529561,3,567106,567106,3408,55980595,55980595,89,356095,356095,56336690,56336690,3497,3497,NOT_COLLECTED_UNKNOWN,7a71b6e5feff21782162253850b0e29866fccf1ea46234463def6db87803db1b
3,G512,prefill,formal-99f3bae966f2-20261010-sixblock-b3-G512-pass1,90675934,51183339,38951658,33216,507721,0,37411985,1539673,32768,448,0,4922,39492595,39492595,2,540937,540937,1818,40387176,40387176,87,355295,355295,40742471,40742471,1905,1905,NOT_COLLECTED_UNKNOWN,7a71b6e5feff21782162253850b0e29866fccf1ea46234463def6db87803db1b
3,G512,decode,formal-99f3bae966f2-20261010-sixblock-b3-G512-pass1,73015578,43978612,29010797,0,26169,0,27497213,1513584,0,0,0,4580,29036966,29036966,1,26169,26169,1590,15593419,15593419,2,800,800,15594219,15594219,1592,1592,NOT_COLLECTED_UNKNOWN,7a71b6e5feff21782162253850b0e29866fccf1ea46234463def6db87803db1b
3,N0,full_request,formal-99f3bae966f2-20261010-sixblock-b3-N0-pass1,169960288,94618816,74461990,14336,865146,0,70461541,4000449,11744,2592,0,9678,75341472,75341472,3,879482,879482,3492,29139378,29139378,6,20832,20832,29160210,29160210,3498,3498,NOT_COLLECTED_UNKNOWN,56f95508fd57b1173687a7ab888f466e2869b03814f318ace6482417780a9c53
3,N0,prefill,formal-99f3bae966f2-20261010-sixblock-b3-N0-pass1,89856111,49454566,39545889,14336,841320,0,37134220,2411669,11744,2592,0,5098,40401545,40401545,2,855656,855656,1902,14012230,14012230,4,5760,5760,14017990,14017990,1906,1906,NOT_COLLECTED_UNKNOWN,56f95508fd57b1173687a7ab888f466e2869b03814f318ace6482417780a9c53
3,N0,decode,formal-99f3bae966f2-20261010-sixblock-b3-N0-pass1,80104177,45164250,34916101,0,23826,0,33327321,1588780,0,0,0,4580,34939927,34939927,1,23826,23826,1590,15127148,15127148,2,15072,15072,15142220,15142220,1592,1592,NOT_COLLECTED_UNKNOWN,56f95508fd57b1173687a7ab888f466e2869b03814f318ace6482417780a9c53
3,N16,full_request,formal-99f3bae966f2-20261010-sixblock-b3-N16-pass1,181591996,115513812,65615033,121151,342000,0,60142371,5472662,119551,1600,0,9679,66078184,66078184,4,463151,463151,3492,35874465,35874465,6,7232,7232,35881697,35881697,3498,3498,NOT_COLLECTED_UNKNOWN,3efe967150fefafd1f26833245bcc4aa1a00d7df92dcb8e35651923b2d2043af
3,N16,prefill,formal-99f3bae966f2-20261010-sixblock-b3-N16-pass1,92536080,56263269,36066633,13344,192834,0,33141649,2924984,11744,1600,0,5098,36272811,36272811,2,206178,206178,1902,21752765,21752765,4,5696,5696,21758461,21758461,1906,1906,NOT_COLLECTED_UNKNOWN,3efe967150fefafd1f26833245bcc4aa1a00d7df92dcb8e35651923b2d2043af
3,N16,decode,formal-99f3bae966f2-20261010-sixblock-b3-N16-pass1,89055916,59250543,29548400,107807,149166,0,27000722,2547678,107807,0,0,4581,29805373,29805373,2,256973,256973,1590,14121700,14121700,2,1536,1536,14123236,14123236,1592,1592,NOT_COLLECTED_UNKNOWN,3efe967150fefafd1f26833245bcc4aa1a00d7df92dcb8e35651923b2d2043af
3,Nm,full_request,formal-99f3bae966f2-20261010-sixblock-b3-Nm-pass1,208988864,118278055,90450179,13440,247190,0,84701549,5748630,11872,1568,0,9678,90710809,90710809,3,260630,260630,3492,37261400,37261400,6,9696,9696,37271096,37271096,3498,3498,NOT_COLLECTED_UNKNOWN,7efe3fa4ffb140e1fcff9632296cd453ef68bc011427f729cc077c23b03fc69b
3,Nm,prefill,formal-99f3bae966f2-20261010-sixblock-b3-Nm-pass1,108333116,60725127,47372747,13440,221802,0,43455490,3917257,11872,1568,0,5098,47607989,47607989,2,235242,235242,1902,23550949,23550949,4,8320,8320,23559269,23559269,1906,1906,NOT_COLLECTED_UNKNOWN,7efe3fa4ffb140e1fcff9632296cd453ef68bc011427f729cc077c23b03fc69b
3,Nm,decode,formal-99f3bae966f2-20261010-sixblock-b3-Nm-pass1,100655748,57552928,43077432,0,25388,0,41246059,1831373,0,0,0,4580,43102820,43102820,1,25388,25388,1590,13710451,13710451,2,1376,1376,13711827,13711827,1592,1592,NOT_COLLECTED_UNKNOWN,7efe3fa4ffb140e1fcff9632296cd453ef68bc011427f729cc077c23b03fc69b
4,G32,full_request,formal-99f3bae966f2-20261010-sixblock-b4-G32-pass1,165254475,102217399,62887524,10944,138608,0,58796988,4090536,10496,448,0,9672,63037076,63037076,3,149552,149552,3492,34320904,34320904,6,133791,133791,34454695,34454695,3498,3498,NOT_COLLECTED_UNKNOWN,94faff289c08131887cafe5655559d27cfff53890e95ab7228e74ab704ddd75a
4,G32,prefill,formal-99f3bae966f2-20261010-sixblock-b4-G32-pass1,89410366,56641663,32644378,10944,113381,0,30390907,2253471,10496,448,0,5092,32768703,32768703,2,124325,124325,1902,17363925,17363925,4,2432,2432,17366357,17366357,1906,1906,NOT_COLLECTED_UNKNOWN,94faff289c08131887cafe5655559d27cfff53890e95ab7228e74ab704ddd75a
4,G32,decode,formal-99f3bae966f2-20261010-sixblock-b4-G32-pass1,75844109,45575736,30243146,0,25227,0,28406081,1837065,0,0,0,4580,30268373,30268373,1,25227,25227,1590,16956979,16956979,2,131359,131359,17088338,17088338,1592,1592,NOT_COLLECTED_UNKNOWN,94faff289c08131887cafe5655559d27cfff53890e95ab7228e74ab704ddd75a
4,G512,full_request,formal-99f3bae966f2-20261010-sixblock-b4-G512-pass1,179320933,106636789,72203227,27040,453877,0,68453730,3749497,26624,416,0,9502,72684144,72684144,3,480917,480917,3408,53878450,53878450,89,1288313,1288313,55166763,55166763,3497,3497,NOT_COLLECTED_UNKNOWN,0216e220ae49e34771b9360610a0601a1c423e4204326b2616ae5ba06f7d8b27
4,G512,prefill,formal-99f3bae966f2-20261010-sixblock-b4-G512-pass1,90277119,49214838,40608184,27040,427057,0,39102691,1505493,26624,416,0,4922,41062281,41062281,2,454097,454097,1818,39683654,39683654,87,1287545,1287545,40971199,40971199,1905,1905,NOT_COLLECTED_UNKNOWN,0216e220ae49e34771b9360610a0601a1c423e4204326b2616ae5ba06f7d8b27
4,G512,decode,formal-99f3bae966f2-20261010-sixblock-b4-G512-pass1,89043814,57421951,31595043,0,26820,0,29351039,2244004,0,0,0,4580,31621863,31621863,1,26820,26820,1590,14194796,14194796,2,768,768,14195564,14195564,1592,1592,NOT_COLLECTED_UNKNOWN,0216e220ae49e34771b9360610a0601a1c423e4204326b2616ae5ba06f7d8b27
4,N0,full_request,formal-99f3bae966f2-20261010-sixblock-b4-N0-pass1,227410066,156973141,70088594,33568,314763,0,62997301,7091293,31936,1632,0,9678,70436925,70436925,3,348331,348331,3492,49075825,49075825,6,23936,23936,49099761,49099761,3498,3498,NOT_COLLECTED_UNKNOWN,3cb05cced71ad00c0e7a29a84009bedd8e786b438ab169a42f8bd6379aa01821
4,N0,prefill,formal-99f3bae966f2-20261010-sixblock-b4-N0-pass1,120627914,82646608,37658704,33568,289034,0,33422974,4235730,31936,1632,0,5098,37981306,37981306,2,322602,322602,1902,28121534,28121534,4,4800,4800,28126334,28126334,1906,1906,NOT_COLLECTED_UNKNOWN,3cb05cced71ad00c0e7a29a84009bedd8e786b438ab169a42f8bd6379aa01821
4,N0,decode,formal-99f3bae966f2-20261010-sixblock-b4-N0-pass1,106782152,74326533,32429890,0,25729,0,29574327,2855563,0,0,0,4580,32455619,32455619,1,25729,25729,1590,20954291,20954291,2,19136,19136,20973427,20973427,1592,1592,NOT_COLLECTED_UNKNOWN,3cb05cced71ad00c0e7a29a84009bedd8e786b438ab169a42f8bd6379aa01821
4,N16,full_request,formal-99f3bae966f2-20261010-sixblock-b4-N16-pass1,238362480,152733989,85166202,120318,341971,0,78127151,7039051,118750,1568,0,9679,85628491,85628491,4,462289,462289,3492,30290480,30290480,6,12896,12896,30303376,30303376,3498,3498,NOT_COLLECTED_UNKNOWN,9daa86842a198ce512e41501f531ecd47986efeea4901d3593ed4d169519d8cb
4,N16,prefill,formal-99f3bae966f2-20261010-sixblock-b4-N16-pass1,121963968,72862810,48895751,13247,192160,0,45187791,3707960,11679,1568,0,5098,49101158,49101158,2,205407,205407,1902,18936141,18936141,4,5728,5728,18941869,18941869,1906,1906,NOT_COLLECTED_UNKNOWN,9daa86842a198ce512e41501f531ecd47986efeea4901d3593ed4d169519d8cb
4,N16,decode,formal-99f3bae966f2-20261010-sixblock-b4-N16-pass1,116398512,79871179,36270451,107071,149811,0,32939360,3331091,107071,0,0,4581,36527333,36527333,2,256882,256882,1590,11354339,11354339,2,7168,7168,11361507,11361507,1592,1592,NOT_COLLECTED_UNKNOWN,9daa86842a198ce512e41501f531ecd47986efeea4901d3593ed4d169519d8cb
4,Nm,full_request,formal-99f3bae966f2-20261010-sixblock-b4-Nm-pass1,176927826,119471804,57166571,12256,277195,0,52097057,5069514,10752,1504,0,9678,57456022,57456022,3,289451,289451,3492,29837615,29837615,6,59360,59360,29896975,29896975,3498,3498,NOT_COLLECTED_UNKNOWN,527db07efd8996739f13dd2e4a153816ed2a4df53e647a6bae919845c06a31dc
4,Nm,prefill,formal-99f3bae966f2-20261010-sixblock-b4-Nm-pass1,92605624,60298211,32043209,12256,251948,0,28927546,3115663,10752,1504,0,5098,32307413,32307413,2,264204,264204,1902,13934449,13934449,4,58048,58048,13992497,13992497,1906,1906,NOT_COLLECTED_UNKNOWN,527db07efd8996739f13dd2e4a153816ed2a4df53e647a6bae919845c06a31dc
4,Nm,decode,formal-99f3bae966f2-20261010-sixblock-b4-Nm-pass1,84322202,59173593,25123362,0,25247,0,23169511,1953851,0,0,0,4580,25148609,25148609,1,25247,25247,1590,15903166,15903166,2,1312,1312,15904478,15904478,1592,1592,NOT_COLLECTED_UNKNOWN,527db07efd8996739f13dd2e4a153816ed2a4df53e647a6bae919845c06a31dc
5,G32,full_request,formal-99f3bae966f2-20261010-sixblock-b5-G32-pass1,224041678,129307177,94609415,10912,114174,0,91001831,3607584,10432,480,0,9672,94734501,94734501,3,125086,125086,3492,34116186,34116186,6,3840,3840,34120026,34120026,3498,3498,NOT_COLLECTED_UNKNOWN,5bc8650adf2fb9b556a36b5246f187c709994ce2f0ef2cc3de2b73b5f9f31292
5,G32,prefill,formal-99f3bae966f2-20261010-sixblock-b5-G32-pass1,119868461,69758208,50008582,10912,90759,0,48226431,1782151,10432,480,0,5092,50110253,50110253,2,101671,101671,1902,19929633,19929633,4,2496,2496,19932129,19932129,1906,1906,NOT_COLLECTED_UNKNOWN,5bc8650adf2fb9b556a36b5246f187c709994ce2f0ef2cc3de2b73b5f9f31292
5,G32,decode,formal-99f3bae966f2-20261010-sixblock-b5-G32-pass1,104173217,59548969,44600833,0,23415,0,42775400,1825433,0,0,0,4580,44624248,44624248,1,23415,23415,1590,14186553,14186553,2,1344,1344,14187897,14187897,1592,1592,NOT_COLLECTED_UNKNOWN,5bc8650adf2fb9b556a36b5246f187c709994ce2f0ef2cc3de2b73b5f9f31292
5,G512,full_request,formal-99f3bae966f2-20261010-sixblock-b5-G512-pass1,254071594,178211211,75672102,16608,171673,0,68391239,7280863,16128,480,0,9502,75860383,75860383,3,188281,188281,3408,59697944,59697944,89,805082,805082,60503026,60503026,3497,3497,NOT_COLLECTED_UNKNOWN,d8188c49179efd76110e942930187a0a9c60e91a0d65b352a7126f239acccdd2
5,G512,prefill,formal-99f3bae966f2-20261010-sixblock-b5-G512-pass1,128374916,90099171,38112562,16608,146575,0,35826237,2286325,16128,480,0,4922,38275745,38275745,2,163183,163183,1818,45203236,45203236,87,804282,804282,46007518,46007518,1905,1905,NOT_COLLECTED_UNKNOWN,d8188c49179efd76110e942930187a0a9c60e91a0d65b352a7126f239acccdd2
5,G512,decode,formal-99f3bae966f2-20261010-sixblock-b5-G512-pass1,125696678,88112040,37559540,0,25098,0,32565002,4994538,0,0,0,4580,37584638,37584638,1,25098,25098,1590,14494708,14494708,2,800,800,14495508,14495508,1592,1592,NOT_COLLECTED_UNKNOWN,d8188c49179efd76110e942930187a0a9c60e91a0d65b352a7126f239acccdd2
5,N0,full_request,formal-99f3bae966f2-20261010-sixblock-b5-N0-pass1,179914464,124648368,55054952,12384,198760,0,49055614,5999338,10880,1504,0,9678,55266096,55266096,3,211144,211144,3492,30487154,30487154,6,18239,18239,30505393,30505393,3498,3498,NOT_COLLECTED_UNKNOWN,40c94e598bf301d8deebc508ae30bb850421824af0bd581fe4c199d9d67f7565
5,N0,prefill,formal-99f3bae966f2-20261010-sixblock-b5-N0-pass1,100045948,69093049,30766832,12384,173683,0,26913894,3852938,10880,1504,0,5098,30952899,30952899,2,186067,186067,1902,16464256,16464256,4,16255,16255,16480511,16480511,1906,1906,NOT_COLLECTED_UNKNOWN,40c94e598bf301d8deebc508ae30bb850421824af0bd581fe4c199d9d67f7565
5,N0,decode,formal-99f3bae966f2-20261010-sixblock-b5-N0-pass1,79868516,55555319,24288120,0,25077,0,22141720,2146400,0,0,0,4580,24313197,24313197,1,25077,25077,1590,14022898,14022898,2,1984,1984,14024882,14024882,1592,1592,NOT_COLLECTED_UNKNOWN,40c94e598bf301d8deebc508ae30bb850421824af0bd581fe4c199d9d67f7565
5,N16,full_request,formal-99f3bae966f2-20261010-sixblock-b5-N16-pass1,217140538,148236769,67778450,132223,993096,0,61405157,6373293,130687,1536,0,9679,68903769,68903769,4,1125319,1125319,3492,24593876,24593876,6,32544,32544,24626420,24626420,3498,3498,NOT_COLLECTED_UNKNOWN,2fe5980ef6246681af7b3b8e4a4152723a112c9c24687fa681f022cb3b6679d5
5,N16,prefill,formal-99f3bae966f2-20261010-sixblock-b5-N16-pass1,105011287,68842973,35280670,24992,862652,0,32426031,2854639,23456,1536,0,5098,36168314,36168314,2,887644,887644,1902,14099695,14099695,4,4640,4640,14104335,14104335,1906,1906,NOT_COLLECTED_UNKNOWN,2fe5980ef6246681af7b3b8e4a4152723a112c9c24687fa681f022cb3b6679d5
5,N16,decode,formal-99f3bae966f2-20261010-sixblock-b5-N16-pass1,112129251,79393796,32497780,107231,130444,0,28979126,3518654,107231,0,0,4581,32735455,32735455,2,237675,237675,1590,10494181,10494181,2,27904,27904,10522085,10522085,1592,1592,NOT_COLLECTED_UNKNOWN,2fe5980ef6246681af7b3b8e4a4152723a112c9c24687fa681f022cb3b6679d5
5,Nm,full_request,formal-99f3bae966f2-20261010-sixblock-b5-Nm-pass1,207130510,143429643,63419365,15104,266398,0,56750032,6669333,13568,1536,0,9678,63700867,63700867,3,281502,281502,3492,38465894,38465894,6,16960,16960,38482854,38482854,3498,3498,NOT_COLLECTED_UNKNOWN,584db5a807eccdc038dff22f2644ca89544fbb346c700b316a6899f249a17782
5,Nm,prefill,formal-99f3bae966f2-20261010-sixblock-b5-Nm-pass1,110319550,75916691,34147427,15104,240328,0,30069133,4078294,13568,1536,0,5098,34402859,34402859,2,255432,255432,1902,21564659,21564659,4,4736,4736,21569395,21569395,1906,1906,NOT_COLLECTED_UNKNOWN,584db5a807eccdc038dff22f2644ca89544fbb346c700b316a6899f249a17782
5,Nm,decode,formal-99f3bae966f2-20261010-sixblock-b5-Nm-pass1,96810960,67512952,29271938,0,26070,0,26680899,2591039,0,0,0,4580,29298008,29298008,1,26070,26070,1590,16901235,16901235,2,12224,12224,16913459,16913459,1592,1592,NOT_COLLECTED_UNKNOWN,584db5a807eccdc038dff22f2644ca89544fbb346c700b316a6899f249a17782
6,G32,full_request,formal-99f3bae966f2-20261010-sixblock-b6-G32-pass1,201692144,140810715,59934836,48447,898146,0,54066187,5868649,47999,448,0,9672,60881429,60881429,3,946593,946593,3492,35458523,35458523,6,3680,3680,35462203,35462203,3498,3498,NOT_COLLECTED_UNKNOWN,5f84fc9d323e78e840ada75e7de2714c7f037e1ea407b22ce943baa54d672779
6,G32,prefill,formal-99f3bae966f2-20261010-sixblock-b6-G32-pass1,101129946,71120129,29088903,48447,872467,0,26056248,3032655,47999,448,0,5092,30009817,30009817,2,920914,920914,1902,20252502,20252502,4,2336,2336,20254838,20254838,1906,1906,NOT_COLLECTED_UNKNOWN,5f84fc9d323e78e840ada75e7de2714c7f037e1ea407b22ce943baa54d672779
6,G32,decode,formal-99f3bae966f2-20261010-sixblock-b6-G32-pass1,100562198,69690586,30845933,0,25679,0,28009939,2835994,0,0,0,4580,30871612,30871612,1,25679,25679,1590,15206021,15206021,2,1344,1344,15207365,15207365,1592,1592,NOT_COLLECTED_UNKNOWN,5f84fc9d323e78e840ada75e7de2714c7f037e1ea407b22ce943baa54d672779
6,G512,full_request,formal-99f3bae966f2-20261010-sixblock-b6-G512-pass1,162394767,95630604,66022845,72704,668614,0,62459854,3562991,72256,448,0,9502,66764163,66764163,3,741318,741318,3408,48201846,48201846,89,1249845,1249845,49451691,49451691,3497,3497,NOT_COLLECTED_UNKNOWN,f2fb1a2d338b86f9745707d2b21abaec004daa27a0d3c226d2a4229d88726d0f
6,G512,prefill,formal-99f3bae966f2-20261010-sixblock-b6-G512-pass1,87504421,50783037,36006035,72704,642645,0,34049440,1956595,72256,448,0,4922,36721384,36721384,2,715349,715349,1818,35398240,35398240,87,1249077,1249077,36647317,36647317,1905,1905,NOT_COLLECTED_UNKNOWN,f2fb1a2d338b86f9745707d2b21abaec004daa27a0d3c226d2a4229d88726d0f
6,G512,decode,formal-99f3bae966f2-20261010-sixblock-b6-G512-pass1,74890346,44847567,30016810,0,25969,0,28410414,1606396,0,0,0,4580,30042779,30042779,1,25969,25969,1590,12803606,12803606,2,768,768,12804374,12804374,1592,1592,NOT_COLLECTED_UNKNOWN,f2fb1a2d338b86f9745707d2b21abaec004daa27a0d3c226d2a4229d88726d0f
6,N0,full_request,formal-99f3bae966f2-20261010-sixblock-b6-N0-pass1,200671602,124402771,75256981,68096,943754,0,70513211,4743770,66464,1632,0,9678,76268831,76268831,3,1011850,1011850,3492,44484320,44484320,6,6208,6208,44490528,44490528,3498,3498,NOT_COLLECTED_UNKNOWN,6f87f46579aef3af9d754b2cbf4bd749e71fd63f2af4e4becdf3dcc5b5a01107
6,N0,prefill,formal-99f3bae966f2-20261010-sixblock-b6-N0-pass1,111972648,68000711,42984714,68096,919127,0,40040100,2944614,66464,1632,0,5098,43971937,43971937,2,987223,987223,1902,25891603,25891603,4,4768,4768,25896371,25896371,1906,1906,NOT_COLLECTED_UNKNOWN,6f87f46579aef3af9d754b2cbf4bd749e71fd63f2af4e4becdf3dcc5b5a01107
6,N0,decode,formal-99f3bae966f2-20261010-sixblock-b6-N0-pass1,88698954,56402060,32272267,0,24627,0,30473111,1799156,0,0,0,4580,32296894,32296894,1,24627,24627,1590,18592717,18592717,2,1440,1440,18594157,18594157,1592,1592,NOT_COLLECTED_UNKNOWN,6f87f46579aef3af9d754b2cbf4bd749e71fd63f2af4e4becdf3dcc5b5a01107
6,N16,full_request,formal-99f3bae966f2-20261010-sixblock-b6-N16-pass1,224356477,153707571,69215036,131903,1301967,0,62596949,6618087,130367,1536,0,9679,70648906,70648906,4,1433870,1433870,3492,40613191,40613191,6,7263,7263,40620454,40620454,3498,3498,NOT_COLLECTED_UNKNOWN,1c0b34a409193081ea1cf2f6db143c902456bd97f2a07608f87afb46ed54c3aa
6,N16,prefill,formal-99f3bae966f2-20261010-sixblock-b6-N16-pass1,115383467,78449179,36265219,24256,644813,0,31873251,4391968,22720,1536,0,5098,36934288,36934288,2,669069,669069,1902,22249688,22249688,4,5855,5855,22255543,22255543,1906,1906,NOT_COLLECTED_UNKNOWN,1c0b34a409193081ea1cf2f6db143c902456bd97f2a07608f87afb46ed54c3aa
6,N16,decode,formal-99f3bae966f2-20261010-sixblock-b6-N16-pass1,108973010,75258392,32949817,107647,657154,0,30723698,2226119,107647,0,0,4581,33714618,33714618,2,764801,764801,1590,18363503,18363503,2,1408,1408,18364911,18364911,1592,1592,NOT_COLLECTED_UNKNOWN,1c0b34a409193081ea1cf2f6db143c902456bd97f2a07608f87afb46ed54c3aa
6,Nm,full_request,formal-99f3bae966f2-20261010-sixblock-b6-Nm-pass1,162166196,112015773,49271240,85888,793295,0,43205605,6065635,84352,1536,0,9678,50150423,50150423,3,879183,879183,3492,34023888,34023888,6,75904,75904,34099792,34099792,3498,3498,NOT_COLLECTED_UNKNOWN,ccfbaa450a00dc1d1f0bbe6a0baeb9ca730705432b4ce4d95682dcc4b1f29a57
6,Nm,prefill,formal-99f3bae966f2-20261010-sixblock-b6-Nm-pass1,84357875,56990095,26514466,85888,767426,0,22467725,4046741,84352,1536,0,5098,27367780,27367780,2,853314,853314,1902,17943184,17943184,4,32608,32608,17975792,17975792,1906,1906,NOT_COLLECTED_UNKNOWN,ccfbaa450a00dc1d1f0bbe6a0baeb9ca730705432b4ce4d95682dcc4b1f29a57
6,Nm,decode,formal-99f3bae966f2-20261010-sixblock-b6-Nm-pass1,77808321,55025678,22756774,0,25869,0,20737880,2018894,0,0,0,4580,22782643,22782643,1,25869,25869,1590,16080704,16080704,2,43296,43296,16124000,16124000,1592,1592,NOT_COLLECTED_UNKNOWN,ccfbaa450a00dc1d1f0bbe6a0baeb9ca730705432b4ce4d95682dcc4b1f29a57
