block,position,condition,warmup_order,warmup1_run_order,warmup3_run_order,full_request_warmup1_ns,full_request_warmup3_ns,full_request_delta_ns,full_request_relative_delta,prefill_warmup1_ns,prefill_warmup3_ns,prefill_delta_ns,prefill_relative_delta,decode_warmup1_ns,decode_warmup3_ns,decode_delta_ns,decode_relative_delta
1,1,G32,1->3,1,2,221227000,161506500,-59720500,-0.2699512265681856,144711900,87260900,-57451000,-0.3970025961928494,76515100,74245600,-2269500,-0.029660812048863557
1,2,N0,3->1,4,3,169109400,164880000,-4229400,-0.025009845697518886,97032300,92953700,-4078600,-0.042033425982894355,72077100,71926300,-150800,-0.002092204042615477
1,3,Nm,1->3,5,6,158866200,155463300,-3402900,-0.02141991185034954,87932700,83900800,-4031900,-0.04585211189921383,70933500,71562500,629000,0.008867460367809285
1,4,N16,3->1,8,7,172202800,165416100,-6786700,-0.03941108971514981,93000000,90465200,-2534800,-0.027255913978494625,79202800,74950900,-4251900,-0.05368370815173201
1,5,G512,1->3,9,10,182470800,168863800,-13607000,-0.07457083544325996,108474800,99654400,-8820400,-0.08131289479215449,73996000,69209400,-4786600,-0.06468728039353479
2,1,G512,3->1,12,11,249357100,153683300,-95673800,-0.38368187631312684,173572100,83625100,-89947000,-0.5182111641214228,75785000,70058200,-5726800,-0.07556640496140397
2,2,Nm,1->3,13,14,178308900,190286900,11978000,0.06717555881955416,111110900,119638400,8527500,0.07674764582052705,67198000,70648500,3450500,0.0513482544123337
2,3,N16,3->1,16,15,150769400,170783100,20013700,0.13274377957330863,83558200,92430900,8872700,0.10618586805364405,67211200,78352200,11141000,0.16576106363225176
2,4,N0,1->3,17,18,241173500,171099600,-70073900,-0.29055389584676594,162285800,90918000,-71367800,-0.4397661409685875,78887700,80181600,1293900,0.016401796477777904
2,5,G32,3->1,20,19,220038800,164299400,-55739400,-0.25331623331885106,141592700,93648500,-47944200,-0.3386064394562714,78446100,70650900,-7795200,-0.09937014077181658
3,1,G32,1->3,21,22,237235500,166863000,-70372500,-0.29663562156591233,164400600,89392500,-75008100,-0.4562519844818085,72834900,77470500,4635600,0.06364531289258309
3,2,N16,3->1,24,23,313283300,164630800,-148652500,-0.4744986406871991,206991600,87864900,-119126700,-0.5755146585658548,106291700,76765900,-29525800,-0.2777808615348141
3,3,N0,1->3,25,26,193741500,155406300,-38335200,-0.19786777742507414,128040500,83626700,-44413800,-0.34687305969595555,65701000,71779600,6078600,0.09251913973912117
3,4,Nm,3->1,28,27,304038200,154302200,-149736000,-0.4924907462285989,226809900,85011800,-141798100,-0.6251847913164285,77228300,69290400,-7937900,-0.10278485995418778
3,5,G512,1->3,29,30,192877100,194679900,1802800,0.00934688462238389,115449400,114347800,-1101600,-0.009541842573456423,77427700,80332100,2904400,0.037511123280169756
