block,condition,run_id,api_record_id,duration_ns,allocation_size_bytes,internal_wait_status,source_sqlite_sha256
1,N0,formal-99f3bae966f2-20261010-sixblock-b1-N0-pass1,cuda_api:CUPTI_ACTIVITY_KIND_RUNTIME:36918,261079,,NOT_DECOMPOSED,5688bb8607d06a15847d1396f16f2ee0a326f2eec03b48dc6b223e52fc042f1a
1,N0,formal-99f3bae966f2-20261010-sixblock-b1-N0-pass1,cuda_api:CUPTI_ACTIVITY_KIND_RUNTIME:36931,333789,,NOT_DECOMPOSED,5688bb8607d06a15847d1396f16f2ee0a326f2eec03b48dc6b223e52fc042f1a
1,N0,formal-99f3bae966f2-20261010-sixblock-b1-N0-pass1,cuda_api:CUPTI_ACTIVITY_KIND_RUNTIME:36998,279587,,NOT_DECOMPOSED,5688bb8607d06a15847d1396f16f2ee0a326f2eec03b48dc6b223e52fc042f1a
1,N16,formal-99f3bae966f2-20261010-sixblock-b1-N16-pass1,cuda_api:CUPTI_ACTIVITY_KIND_RUNTIME:36921,812923,,NOT_DECOMPOSED,02154baf689231048f99fa433d8526976f95e1b301ffb6ce0fe84e6df2425e62
1,N16,formal-99f3bae966f2-20261010-sixblock-b1-N16-pass1,cuda_api:CUPTI_ACTIVITY_KIND_RUNTIME:36934,710931,,NOT_DECOMPOSED,02154baf689231048f99fa433d8526976f95e1b301ffb6ce0fe84e6df2425e62
1,N16,formal-99f3bae966f2-20261010-sixblock-b1-N16-pass1,cuda_api:CUPTI_ACTIVITY_KIND_RUNTIME:37001,155372,,NOT_DECOMPOSED,02154baf689231048f99fa433d8526976f95e1b301ffb6ce0fe84e6df2425e62
1,Nm,formal-99f3bae966f2-20261010-sixblock-b1-Nm-pass1,cuda_api:CUPTI_ACTIVITY_KIND_RUNTIME:36918,253898,,NOT_DECOMPOSED,95c9a9e2c67e3d6a882cad7060a77269462c9117f64456e69ea13e084a0e8ffb
1,Nm,formal-99f3bae966f2-20261010-sixblock-b1-Nm-pass1,cuda_api:CUPTI_ACTIVITY_KIND_RUNTIME:36931,233318,,NOT_DECOMPOSED,95c9a9e2c67e3d6a882cad7060a77269462c9117f64456e69ea13e084a0e8ffb
1,Nm,formal-99f3bae966f2-20261010-sixblock-b1-Nm-pass1,cuda_api:CUPTI_ACTIVITY_KIND_RUNTIME:36998,682359,,NOT_DECOMPOSED,95c9a9e2c67e3d6a882cad7060a77269462c9117f64456e69ea13e084a0e8ffb
2,N0,formal-99f3bae966f2-20261010-sixblock-b2-N0-pass1,cuda_api:CUPTI_ACTIVITY_KIND_RUNTIME:36918,380838,,NOT_DECOMPOSED,7e56688111ce6c69b4d91ce2f545362ec6c2e0c163c5d0f2044026ecffed97c2
2,N0,formal-99f3bae966f2-20261010-sixblock-b2-N0-pass1,cuda_api:CUPTI_ACTIVITY_KIND_RUNTIME:36931,204035,,NOT_DECOMPOSED,7e56688111ce6c69b4d91ce2f545362ec6c2e0c163c5d0f2044026ecffed97c2
2,N0,formal-99f3bae966f2-20261010-sixblock-b2-N0-pass1,cuda_api:CUPTI_ACTIVITY_KIND_RUNTIME:36998,773203,,NOT_DECOMPOSED,7e56688111ce6c69b4d91ce2f545362ec6c2e0c163c5d0f2044026ecffed97c2
2,N16,formal-99f3bae966f2-20261010-sixblock-b2-N16-pass1,cuda_api:CUPTI_ACTIVITY_KIND_RUNTIME:36921,470092,,NOT_DECOMPOSED,9d3a15833018281e8e0f0aabc46fd365b7d697b5321d6b8a29b4413a3913c4b5
2,N16,formal-99f3bae966f2-20261010-sixblock-b2-N16-pass1,cuda_api:CUPTI_ACTIVITY_KIND_RUNTIME:36934,414479,,NOT_DECOMPOSED,9d3a15833018281e8e0f0aabc46fd365b7d697b5321d6b8a29b4413a3913c4b5
2,N16,formal-99f3bae966f2-20261010-sixblock-b2-N16-pass1,cuda_api:CUPTI_ACTIVITY_KIND_RUNTIME:37001,133630,,NOT_DECOMPOSED,9d3a15833018281e8e0f0aabc46fd365b7d697b5321d6b8a29b4413a3913c4b5
2,Nm,formal-99f3bae966f2-20261010-sixblock-b2-Nm-pass1,cuda_api:CUPTI_ACTIVITY_KIND_RUNTIME:36918,402821,,NOT_DECOMPOSED,680edae9d27fc879d343a51862dd59292b6b2656dfbbff797919e8e12ccdfcc0
2,Nm,formal-99f3bae966f2-20261010-sixblock-b2-Nm-pass1,cuda_api:CUPTI_ACTIVITY_KIND_RUNTIME:36931,180340,,NOT_DECOMPOSED,680edae9d27fc879d343a51862dd59292b6b2656dfbbff797919e8e12ccdfcc0
2,Nm,formal-99f3bae966f2-20261010-sixblock-b2-Nm-pass1,cuda_api:CUPTI_ACTIVITY_KIND_RUNTIME:36998,200770,,NOT_DECOMPOSED,680edae9d27fc879d343a51862dd59292b6b2656dfbbff797919e8e12ccdfcc0
3,N0,formal-99f3bae966f2-20261010-sixblock-b3-N0-pass1,cuda_api:CUPTI_ACTIVITY_KIND_RUNTIME:36918,268671,,NOT_DECOMPOSED,f1366d998db49608411d74724356e2707d2d7fc6cb7d0e8043fe083e0958ba47
3,N0,formal-99f3bae966f2-20261010-sixblock-b3-N0-pass1,cuda_api:CUPTI_ACTIVITY_KIND_RUNTIME:36931,451573,,NOT_DECOMPOSED,f1366d998db49608411d74724356e2707d2d7fc6cb7d0e8043fe083e0958ba47
3,N0,formal-99f3bae966f2-20261010-sixblock-b3-N0-pass1,cuda_api:CUPTI_ACTIVITY_KIND_RUNTIME:36998,142693,,NOT_DECOMPOSED,f1366d998db49608411d74724356e2707d2d7fc6cb7d0e8043fe083e0958ba47
3,N16,formal-99f3bae966f2-20261010-sixblock-b3-N16-pass1,cuda_api:CUPTI_ACTIVITY_KIND_RUNTIME:36921,281320,,NOT_DECOMPOSED,a4ee7b342298437349af079e6f0fbed19156e74b54aa8250a156a5b0f0e3a853
3,N16,formal-99f3bae966f2-20261010-sixblock-b3-N16-pass1,cuda_api:CUPTI_ACTIVITY_KIND_RUNTIME:36934,178676,,NOT_DECOMPOSED,a4ee7b342298437349af079e6f0fbed19156e74b54aa8250a156a5b0f0e3a853
3,N16,formal-99f3bae966f2-20261010-sixblock-b3-N16-pass1,cuda_api:CUPTI_ACTIVITY_KIND_RUNTIME:37001,611793,,NOT_DECOMPOSED,a4ee7b342298437349af079e6f0fbed19156e74b54aa8250a156a5b0f0e3a853
3,Nm,formal-99f3bae966f2-20261010-sixblock-b3-Nm-pass1,cuda_api:CUPTI_ACTIVITY_KIND_RUNTIME:36918,816708,,NOT_DECOMPOSED,78694422c6fdca3c3891d2cbc17899929ac5f42473e696980ada241ca1495fc0
3,Nm,formal-99f3bae966f2-20261010-sixblock-b3-Nm-pass1,cuda_api:CUPTI_ACTIVITY_KIND_RUNTIME:36931,165217,,NOT_DECOMPOSED,78694422c6fdca3c3891d2cbc17899929ac5f42473e696980ada241ca1495fc0
3,Nm,formal-99f3bae966f2-20261010-sixblock-b3-Nm-pass1,cuda_api:CUPTI_ACTIVITY_KIND_RUNTIME:36998,697972,,NOT_DECOMPOSED,78694422c6fdca3c3891d2cbc17899929ac5f42473e696980ada241ca1495fc0
4,N0,formal-99f3bae966f2-20261010-sixblock-b4-N0-pass1,cuda_api:CUPTI_ACTIVITY_KIND_RUNTIME:36918,890869,,NOT_DECOMPOSED,f0ad4abafbae52c0d85617b9672023df0d8027a3630ff996fcc482a2a0950cf4
4,N0,formal-99f3bae966f2-20261010-sixblock-b4-N0-pass1,cuda_api:CUPTI_ACTIVITY_KIND_RUNTIME:36931,155713,,NOT_DECOMPOSED,f0ad4abafbae52c0d85617b9672023df0d8027a3630ff996fcc482a2a0950cf4
4,N0,formal-99f3bae966f2-20261010-sixblock-b4-N0-pass1,cuda_api:CUPTI_ACTIVITY_KIND_RUNTIME:36998,191506,,NOT_DECOMPOSED,f0ad4abafbae52c0d85617b9672023df0d8027a3630ff996fcc482a2a0950cf4
4,N16,formal-99f3bae966f2-20261010-sixblock-b4-N16-pass1,cuda_api:CUPTI_ACTIVITY_KIND_RUNTIME:36921,813514,,NOT_DECOMPOSED,982de2b27a7c95ad5bd0bc89cc84cc1d9f3faa1a48d2aca0f4d960e0a4460f88
4,N16,formal-99f3bae966f2-20261010-sixblock-b4-N16-pass1,cuda_api:CUPTI_ACTIVITY_KIND_RUNTIME:36934,158757,,NOT_DECOMPOSED,982de2b27a7c95ad5bd0bc89cc84cc1d9f3faa1a48d2aca0f4d960e0a4460f88
4,N16,formal-99f3bae966f2-20261010-sixblock-b4-N16-pass1,cuda_api:CUPTI_ACTIVITY_KIND_RUNTIME:37001,167550,,NOT_DECOMPOSED,982de2b27a7c95ad5bd0bc89cc84cc1d9f3faa1a48d2aca0f4d960e0a4460f88
4,Nm,formal-99f3bae966f2-20261010-sixblock-b4-Nm-pass1,cuda_api:CUPTI_ACTIVITY_KIND_RUNTIME:36918,660917,,NOT_DECOMPOSED,5ce93784c3b62f5e9f1d6137ba244507adf775ba1dde287ed480937b1f4ab695
4,Nm,formal-99f3bae966f2-20261010-sixblock-b4-Nm-pass1,cuda_api:CUPTI_ACTIVITY_KIND_RUNTIME:36931,165106,,NOT_DECOMPOSED,5ce93784c3b62f5e9f1d6137ba244507adf775ba1dde287ed480937b1f4ab695
4,Nm,formal-99f3bae966f2-20261010-sixblock-b4-Nm-pass1,cuda_api:CUPTI_ACTIVITY_KIND_RUNTIME:36998,622259,,NOT_DECOMPOSED,5ce93784c3b62f5e9f1d6137ba244507adf775ba1dde287ed480937b1f4ab695
5,N0,formal-99f3bae966f2-20261010-sixblock-b5-N0-pass1,cuda_api:CUPTI_ACTIVITY_KIND_RUNTIME:36918,696670,,NOT_DECOMPOSED,affd44278b110d60d571bb17a8e99c2c52c9a35c4850f13ff87c5c76c6993bb4
5,N0,formal-99f3bae966f2-20261010-sixblock-b5-N0-pass1,cuda_api:CUPTI_ACTIVITY_KIND_RUNTIME:36931,193338,,NOT_DECOMPOSED,affd44278b110d60d571bb17a8e99c2c52c9a35c4850f13ff87c5c76c6993bb4
5,N0,formal-99f3bae966f2-20261010-sixblock-b5-N0-pass1,cuda_api:CUPTI_ACTIVITY_KIND_RUNTIME:36998,471824,,NOT_DECOMPOSED,affd44278b110d60d571bb17a8e99c2c52c9a35c4850f13ff87c5c76c6993bb4
5,N16,formal-99f3bae966f2-20261010-sixblock-b5-N16-pass1,cuda_api:CUPTI_ACTIVITY_KIND_RUNTIME:36921,309322,,NOT_DECOMPOSED,320948e4948ccc8c6d548c70b60dcfdc8e8e6460c9561abeb337aa155e8be592
5,N16,formal-99f3bae966f2-20261010-sixblock-b5-N16-pass1,cuda_api:CUPTI_ACTIVITY_KIND_RUNTIME:36934,197976,,NOT_DECOMPOSED,320948e4948ccc8c6d548c70b60dcfdc8e8e6460c9561abeb337aa155e8be592
5,N16,formal-99f3bae966f2-20261010-sixblock-b5-N16-pass1,cuda_api:CUPTI_ACTIVITY_KIND_RUNTIME:37001,182042,,NOT_DECOMPOSED,320948e4948ccc8c6d548c70b60dcfdc8e8e6460c9561abeb337aa155e8be592
5,Nm,formal-99f3bae966f2-20261010-sixblock-b5-Nm-pass1,cuda_api:CUPTI_ACTIVITY_KIND_RUNTIME:36918,737181,,NOT_DECOMPOSED,5ff474c9e98d937ddcc9cf415c60df6df1ce9a019901277d444d72b2fd8db76b
5,Nm,formal-99f3bae966f2-20261010-sixblock-b5-Nm-pass1,cuda_api:CUPTI_ACTIVITY_KIND_RUNTIME:36931,202573,,NOT_DECOMPOSED,5ff474c9e98d937ddcc9cf415c60df6df1ce9a019901277d444d72b2fd8db76b
5,Nm,formal-99f3bae966f2-20261010-sixblock-b5-Nm-pass1,cuda_api:CUPTI_ACTIVITY_KIND_RUNTIME:36998,646945,,NOT_DECOMPOSED,5ff474c9e98d937ddcc9cf415c60df6df1ce9a019901277d444d72b2fd8db76b
6,N0,formal-99f3bae966f2-20261010-sixblock-b6-N0-pass1,cuda_api:CUPTI_ACTIVITY_KIND_RUNTIME:36918,270474,,NOT_DECOMPOSED,c9b0bf9e448f97d2de7bd66e1b642d6dd0196949787c9292d9e3851480f2d82a
6,N0,formal-99f3bae966f2-20261010-sixblock-b6-N0-pass1,cuda_api:CUPTI_ACTIVITY_KIND_RUNTIME:36931,196843,,NOT_DECOMPOSED,c9b0bf9e448f97d2de7bd66e1b642d6dd0196949787c9292d9e3851480f2d82a
6,N0,formal-99f3bae966f2-20261010-sixblock-b6-N0-pass1,cuda_api:CUPTI_ACTIVITY_KIND_RUNTIME:36998,415450,,NOT_DECOMPOSED,c9b0bf9e448f97d2de7bd66e1b642d6dd0196949787c9292d9e3851480f2d82a
6,N16,formal-99f3bae966f2-20261010-sixblock-b6-N16-pass1,cuda_api:CUPTI_ACTIVITY_KIND_RUNTIME:36921,848126,,NOT_DECOMPOSED,10753d25c51ea50ddfaf71b563580c656bff44071f611f579bac752b6f18a260
6,N16,formal-99f3bae966f2-20261010-sixblock-b6-N16-pass1,cuda_api:CUPTI_ACTIVITY_KIND_RUNTIME:36934,679564,,NOT_DECOMPOSED,10753d25c51ea50ddfaf71b563580c656bff44071f611f579bac752b6f18a260
6,N16,formal-99f3bae966f2-20261010-sixblock-b6-N16-pass1,cuda_api:CUPTI_ACTIVITY_KIND_RUNTIME:37001,194120,,NOT_DECOMPOSED,10753d25c51ea50ddfaf71b563580c656bff44071f611f579bac752b6f18a260
6,Nm,formal-99f3bae966f2-20261010-sixblock-b6-Nm-pass1,cuda_api:CUPTI_ACTIVITY_KIND_RUNTIME:36918,691572,,NOT_DECOMPOSED,b584760ea890778f900708b0b96a6906d56329f0799530b43d8cbe2d79a07efb
6,Nm,formal-99f3bae966f2-20261010-sixblock-b6-Nm-pass1,cuda_api:CUPTI_ACTIVITY_KIND_RUNTIME:36931,555690,,NOT_DECOMPOSED,b584760ea890778f900708b0b96a6906d56329f0799530b43d8cbe2d79a07efb
6,Nm,formal-99f3bae966f2-20261010-sixblock-b6-Nm-pass1,cuda_api:CUPTI_ACTIVITY_KIND_RUNTIME:36998,542830,,NOT_DECOMPOSED,b584760ea890778f900708b0b96a6906d56329f0799530b43d8cbe2d79a07efb
