block,condition,pass,pair,run,order,full_request,prefill,decode
1,G32,pass0,formal-99f3bae966f2-20261010-sixblock-b1-G32,formal-99f3bae966f2-20261010-sixblock-b1-G32-pass0,1,130884000,66229800,64654200
1,G32,pass1,formal-99f3bae966f2-20261010-sixblock-b1-G32,formal-99f3bae966f2-20261010-sixblock-b1-G32-pass1,2,178162300,94194100,83968200
1,N0,pass1,formal-99f3bae966f2-20261010-sixblock-b1-N0,formal-99f3bae966f2-20261010-sixblock-b1-N0-pass1,3,182883500,96914000,85969500
1,N0,pass0,formal-99f3bae966f2-20261010-sixblock-b1-N0,formal-99f3bae966f2-20261010-sixblock-b1-N0-pass0,4,121015600,67392300,53623300
1,Nm,pass0,formal-99f3bae966f2-20261010-sixblock-b1-Nm,formal-99f3bae966f2-20261010-sixblock-b1-Nm-pass0,5,121103900,63926100,57177800
1,Nm,pass1,formal-99f3bae966f2-20261010-sixblock-b1-Nm,formal-99f3bae966f2-20261010-sixblock-b1-Nm-pass1,6,250292600,132345900,117946700
1,N16,pass1,formal-99f3bae966f2-20261010-sixblock-b1-N16,formal-99f3bae966f2-20261010-sixblock-b1-N16-pass1,7,226063200,122096400,103966800
1,N16,pass0,formal-99f3bae966f2-20261010-sixblock-b1-N16,formal-99f3bae966f2-20261010-sixblock-b1-N16-pass0,8,170930400,90277000,80653400
1,G512,pass0,formal-99f3bae966f2-20261010-sixblock-b1-G512,formal-99f3bae966f2-20261010-sixblock-b1-G512-pass0,9,140371600,75481700,64889900
1,G512,pass1,formal-99f3bae966f2-20261010-sixblock-b1-G512,formal-99f3bae966f2-20261010-sixblock-b1-G512-pass1,10,165992300,91708900,74283400
2,G512,pass1,formal-99f3bae966f2-20261010-sixblock-b2-G512,formal-99f3bae966f2-20261010-sixblock-b2-G512-pass1,11,209847600,118931100,90916500
2,G512,pass0,formal-99f3bae966f2-20261010-sixblock-b2-G512,formal-99f3bae966f2-20261010-sixblock-b2-G512-pass0,12,160090400,86044300,74046100
2,Nm,pass0,formal-99f3bae966f2-20261010-sixblock-b2-Nm,formal-99f3bae966f2-20261010-sixblock-b2-Nm-pass0,13,156668600,78712000,77956600
2,Nm,pass1,formal-99f3bae966f2-20261010-sixblock-b2-Nm,formal-99f3bae966f2-20261010-sixblock-b2-Nm-pass1,14,225986100,118316700,107669400
2,N16,pass1,formal-99f3bae966f2-20261010-sixblock-b2-N16,formal-99f3bae966f2-20261010-sixblock-b2-N16-pass1,15,181560000,96762700,84797300
2,N16,pass0,formal-99f3bae966f2-20261010-sixblock-b2-N16,formal-99f3bae966f2-20261010-sixblock-b2-N16-pass0,16,155974600,81065400,74909200
2,N0,pass0,formal-99f3bae966f2-20261010-sixblock-b2-N0,formal-99f3bae966f2-20261010-sixblock-b2-N0-pass0,17,141004200,76080900,64923300
2,N0,pass1,formal-99f3bae966f2-20261010-sixblock-b2-N0,formal-99f3bae966f2-20261010-sixblock-b2-N0-pass1,18,187910100,104032400,83877700
2,G32,pass1,formal-99f3bae966f2-20261010-sixblock-b2-G32,formal-99f3bae966f2-20261010-sixblock-b2-G32-pass1,19,218445100,114330700,104114400
2,G32,pass0,formal-99f3bae966f2-20261010-sixblock-b2-G32,formal-99f3bae966f2-20261010-sixblock-b2-G32-pass0,20,126850900,67837900,59013000
3,G32,pass0,formal-99f3bae966f2-20261010-sixblock-b3-G32,formal-99f3bae966f2-20261010-sixblock-b3-G32-pass0,21,116092700,58108800,57983900
3,G32,pass1,formal-99f3bae966f2-20261010-sixblock-b3-G32,formal-99f3bae966f2-20261010-sixblock-b3-G32-pass1,22,189033300,98433200,90600100
3,N16,pass1,formal-99f3bae966f2-20261010-sixblock-b3-N16,formal-99f3bae966f2-20261010-sixblock-b3-N16-pass1,23,180209400,92708100,87501300
3,N16,pass0,formal-99f3bae966f2-20261010-sixblock-b3-N16,formal-99f3bae966f2-20261010-sixblock-b3-N16-pass0,24,158100600,78200200,79900400
3,N0,pass0,formal-99f3bae966f2-20261010-sixblock-b3-N0,formal-99f3bae966f2-20261010-sixblock-b3-N0-pass0,25,126605000,70167300,56437700
3,N0,pass1,formal-99f3bae966f2-20261010-sixblock-b3-N0,formal-99f3bae966f2-20261010-sixblock-b3-N0-pass1,26,169984400,89547000,80437400
3,Nm,pass1,formal-99f3bae966f2-20261010-sixblock-b3-Nm,formal-99f3bae966f2-20261010-sixblock-b3-Nm-pass1,27,209265300,108233000,101032300
3,Nm,pass0,formal-99f3bae966f2-20261010-sixblock-b3-Nm,formal-99f3bae966f2-20261010-sixblock-b3-Nm-pass0,28,144380400,77393900,66986500
3,G512,pass0,formal-99f3bae966f2-20261010-sixblock-b3-G512,formal-99f3bae966f2-20261010-sixblock-b3-G512-pass0,29,136693100,73044000,63649100
3,G512,pass1,formal-99f3bae966f2-20261010-sixblock-b3-G512,formal-99f3bae966f2-20261010-sixblock-b3-G512-pass1,30,163800700,91006600,72794100
4,G512,pass1,formal-99f3bae966f2-20261010-sixblock-b4-G512,formal-99f3bae966f2-20261010-sixblock-b4-G512-pass1,31,178487900,90466400,88021500
4,G512,pass0,formal-99f3bae966f2-20261010-sixblock-b4-G512,formal-99f3bae966f2-20261010-sixblock-b4-G512-pass0,32,165518800,89895400,75623400
4,N16,pass0,formal-99f3bae966f2-20261010-sixblock-b4-N16,formal-99f3bae966f2-20261010-sixblock-b4-N16-pass0,33,143469200,74934900,68534300
4,N16,pass1,formal-99f3bae966f2-20261010-sixblock-b4-N16,formal-99f3bae966f2-20261010-sixblock-b4-N16-pass1,34,238946800,122954600,115992200
4,Nm,pass1,formal-99f3bae966f2-20261010-sixblock-b4-Nm,formal-99f3bae966f2-20261010-sixblock-b4-Nm-pass1,35,176323800,92275400,84048400
4,Nm,pass0,formal-99f3bae966f2-20261010-sixblock-b4-Nm,formal-99f3bae966f2-20261010-sixblock-b4-Nm-pass0,36,125133000,64894600,60238400
4,N0,pass0,formal-99f3bae966f2-20261010-sixblock-b4-N0,formal-99f3bae966f2-20261010-sixblock-b4-N0-pass0,37,140901100,75989700,64911400
4,N0,pass1,formal-99f3bae966f2-20261010-sixblock-b4-N0,formal-99f3bae966f2-20261010-sixblock-b4-N0-pass1,38,227411800,120427800,106984000
4,G32,pass1,formal-99f3bae966f2-20261010-sixblock-b4-G32,formal-99f3bae966f2-20261010-sixblock-b4-G32-pass1,39,165369800,89950100,75419700
4,G32,pass0,formal-99f3bae966f2-20261010-sixblock-b4-G32,formal-99f3bae966f2-20261010-sixblock-b4-G32-pass0,40,130436500,68448200,61988300
5,G32,pass0,formal-99f3bae966f2-20261010-sixblock-b5-G32,formal-99f3bae966f2-20261010-sixblock-b5-G32-pass0,41,169914500,93816700,76097800
5,G32,pass1,formal-99f3bae966f2-20261010-sixblock-b5-G32,formal-99f3bae966f2-20261010-sixblock-b5-G32-pass1,42,223917000,118147400,105769600
5,N0,pass1,formal-99f3bae966f2-20261010-sixblock-b5-N0,formal-99f3bae966f2-20261010-sixblock-b5-N0-pass1,43,180288900,100316400,79972500
5,N0,pass0,formal-99f3bae966f2-20261010-sixblock-b5-N0,formal-99f3bae966f2-20261010-sixblock-b5-N0-pass0,44,146252100,80257100,65995000
5,N16,pass0,formal-99f3bae966f2-20261010-sixblock-b5-N16,formal-99f3bae966f2-20261010-sixblock-b5-N16-pass0,45,138872200,72879000,65993200
5,N16,pass1,formal-99f3bae966f2-20261010-sixblock-b5-N16,formal-99f3bae966f2-20261010-sixblock-b5-N16-pass1,46,215615500,103637200,111978300
5,Nm,pass1,formal-99f3bae966f2-20261010-sixblock-b5-Nm,formal-99f3bae966f2-20261010-sixblock-b5-Nm-pass1,47,206931900,109611100,97320800
5,Nm,pass0,formal-99f3bae966f2-20261010-sixblock-b5-Nm,formal-99f3bae966f2-20261010-sixblock-b5-Nm-pass0,48,132943000,69840700,63102300
5,G512,pass0,formal-99f3bae966f2-20261010-sixblock-b5-G512,formal-99f3bae966f2-20261010-sixblock-b5-G512-pass0,49,152222400,83283000,68939400
5,G512,pass1,formal-99f3bae966f2-20261010-sixblock-b5-G512,formal-99f3bae966f2-20261010-sixblock-b5-G512-pass1,50,252850300,127755900,125094400
6,G512,pass1,formal-99f3bae966f2-20261010-sixblock-b6-G512,formal-99f3bae966f2-20261010-sixblock-b6-G512-pass1,51,162736200,87621000,75115200
6,G512,pass0,formal-99f3bae966f2-20261010-sixblock-b6-G512,formal-99f3bae966f2-20261010-sixblock-b6-G512-pass0,52,152630100,84743100,67887000
6,Nm,pass0,formal-99f3bae966f2-20261010-sixblock-b6-Nm,formal-99f3bae966f2-20261010-sixblock-b6-Nm-pass0,53,158817600,83918900,74898700
6,Nm,pass1,formal-99f3bae966f2-20261010-sixblock-b6-Nm,formal-99f3bae966f2-20261010-sixblock-b6-Nm-pass1,54,162154900,84381600,77773300
6,N0,pass1,formal-99f3bae966f2-20261010-sixblock-b6-N0,formal-99f3bae966f2-20261010-sixblock-b6-N0-pass1,55,199964700,112482500,87482200
6,N0,pass0,formal-99f3bae966f2-20261010-sixblock-b6-N0,formal-99f3bae966f2-20261010-sixblock-b6-N0-pass0,56,155117500,93119100,61998400
6,N16,pass0,formal-99f3bae966f2-20261010-sixblock-b6-N16,formal-99f3bae966f2-20261010-sixblock-b6-N16-pass0,57,138639900,67604000,71035900
6,N16,pass1,formal-99f3bae966f2-20261010-sixblock-b6-N16,formal-99f3bae966f2-20261010-sixblock-b6-N16-pass1,58,223997200,115144100,108853100
6,G32,pass1,formal-99f3bae966f2-20261010-sixblock-b6-G32,formal-99f3bae966f2-20261010-sixblock-b6-G32-pass1,59,200912600,101051300,99861300
6,G32,pass0,formal-99f3bae966f2-20261010-sixblock-b6-G32,formal-99f3bae966f2-20261010-sixblock-b6-G32-pass0,60,132838900,71855200,60983700
