block,condition,run_id,sync_id,sync_origin,source_basis,member_count,hidden_union_ns,exposed_union_ns,return_tail_ns,terminal_id,validity,domain_sha256
1,N0,formal-99f3bae966f2-20261010-sixblock-b1-N0-pass1,cuda_sync:CUPTI_ACTIVITY_KIND_SYNCHRONIZATION:354,,RAW_PHYSICAL,8,0,77696,51476,device_activity:CUPTI_ACTIVITY_KIND_MEMCPY:346,B_VALID,246c3cc84ac23031f359ac76c04db7b8074becca8317150954fa88ddaf09f317
1,N0,formal-99f3bae966f2-20261010-sixblock-b1-N0-pass1,cuda_sync:CUPTI_ACTIVITY_KIND_SYNCHRONIZATION:355,natural_token_ready,STRUCTURED,1906,17378425,0,23064,device_activity:CUPTI_ACTIVITY_KIND_MEMCPY:347,B_VALID,246c3cc84ac23031f359ac76c04db7b8074becca8317150954fa88ddaf09f317
1,N0,formal-99f3bae966f2-20261010-sixblock-b1-N0-pass1,cuda_sync:CUPTI_ACTIVITY_KIND_SYNCHRONIZATION:356,natural_token_ready,STRUCTURED,3498,31639361,0,24047,device_activity:CUPTI_ACTIVITY_KIND_MEMCPY:348,B_VALID,246c3cc84ac23031f359ac76c04db7b8074becca8317150954fa88ddaf09f317
1,N16,formal-99f3bae966f2-20261010-sixblock-b1-N16-pass1,cuda_sync:CUPTI_ACTIVITY_KIND_SYNCHRONIZATION:357,,RAW_PHYSICAL,8,0,47648,111464,device_activity:CUPTI_ACTIVITY_KIND_MEMCPY:346,B_VALID,18d17d049915c435eaba6470b21d4a9287a2d45f02656b89d1bb07c201250c18
1,N16,formal-99f3bae966f2-20261010-sixblock-b1-N16-pass1,cuda_sync:CUPTI_ACTIVITY_KIND_SYNCHRONIZATION:358,natural_token_ready,STRUCTURED,1906,17540757,0,24977,device_activity:CUPTI_ACTIVITY_KIND_MEMCPY:347,B_VALID,18d17d049915c435eaba6470b21d4a9287a2d45f02656b89d1bb07c201250c18
1,N16,formal-99f3bae966f2-20261010-sixblock-b1-N16-pass1,cuda_sync:CUPTI_ACTIVITY_KIND_SYNCHRONIZATION:359,n1_intervention,STRUCTURED,2814,23469255,130335,23147,device_activity:CUPTI_ACTIVITY_KIND_KERNEL:13286,B_VALID,18d17d049915c435eaba6470b21d4a9287a2d45f02656b89d1bb07c201250c18
1,N16,formal-99f3bae966f2-20261010-sixblock-b1-N16-pass1,cuda_sync:CUPTI_ACTIVITY_KIND_SYNCHRONIZATION:360,natural_token_ready,STRUCTURED,3498,30465579,0,28332,device_activity:CUPTI_ACTIVITY_KIND_MEMCPY:348,B_VALID,18d17d049915c435eaba6470b21d4a9287a2d45f02656b89d1bb07c201250c18
1,Nm,formal-99f3bae966f2-20261010-sixblock-b1-Nm-pass1,cuda_sync:CUPTI_ACTIVITY_KIND_SYNCHRONIZATION:354,,RAW_PHYSICAL,8,0,13344,13576,device_activity:CUPTI_ACTIVITY_KIND_MEMCPY:346,B_VALID,d19618c380a35d2bd865485b800fff0421e6ec578bd0ca00884f45851903ad14
1,Nm,formal-99f3bae966f2-20261010-sixblock-b1-Nm-pass1,cuda_sync:CUPTI_ACTIVITY_KIND_SYNCHRONIZATION:355,natural_token_ready,STRUCTURED,1906,19351724,0,25058,device_activity:CUPTI_ACTIVITY_KIND_MEMCPY:347,B_VALID,d19618c380a35d2bd865485b800fff0421e6ec578bd0ca00884f45851903ad14
1,Nm,formal-99f3bae966f2-20261010-sixblock-b1-Nm-pass1,cuda_sync:CUPTI_ACTIVITY_KIND_SYNCHRONIZATION:356,natural_token_ready,STRUCTURED,3498,40520677,0,23915,device_activity:CUPTI_ACTIVITY_KIND_MEMCPY:348,B_VALID,d19618c380a35d2bd865485b800fff0421e6ec578bd0ca00884f45851903ad14
2,N0,formal-99f3bae966f2-20261010-sixblock-b2-N0-pass1,cuda_sync:CUPTI_ACTIVITY_KIND_SYNCHRONIZATION:354,,RAW_PHYSICAL,8,0,13344,16998,device_activity:CUPTI_ACTIVITY_KIND_MEMCPY:346,B_VALID,880f04356b88b90ff3f4d47e296bc610fa2594c5ae35e0927411a94e48139b79
2,N0,formal-99f3bae966f2-20261010-sixblock-b2-N0-pass1,cuda_sync:CUPTI_ACTIVITY_KIND_SYNCHRONIZATION:355,natural_token_ready,STRUCTURED,1906,20180743,0,26970,device_activity:CUPTI_ACTIVITY_KIND_MEMCPY:347,B_VALID,880f04356b88b90ff3f4d47e296bc610fa2594c5ae35e0927411a94e48139b79
2,N0,formal-99f3bae966f2-20261010-sixblock-b2-N0-pass1,cuda_sync:CUPTI_ACTIVITY_KIND_SYNCHRONIZATION:356,natural_token_ready,STRUCTURED,3498,33928903,0,25638,device_activity:CUPTI_ACTIVITY_KIND_MEMCPY:348,B_VALID,880f04356b88b90ff3f4d47e296bc610fa2594c5ae35e0927411a94e48139b79
2,N16,formal-99f3bae966f2-20261010-sixblock-b2-N16-pass1,cuda_sync:CUPTI_ACTIVITY_KIND_SYNCHRONIZATION:357,,RAW_PHYSICAL,8,0,32575,16018,device_activity:CUPTI_ACTIVITY_KIND_MEMCPY:346,B_VALID,116b3987a938082c67a1685dc8b06126aad5f32fe9fa3a228e7ece9bf641e0a1
2,N16,formal-99f3bae966f2-20261010-sixblock-b2-N16-pass1,cuda_sync:CUPTI_ACTIVITY_KIND_SYNCHRONIZATION:358,natural_token_ready,STRUCTURED,1906,23212951,0,25668,device_activity:CUPTI_ACTIVITY_KIND_MEMCPY:347,B_VALID,116b3987a938082c67a1685dc8b06126aad5f32fe9fa3a228e7ece9bf641e0a1
2,N16,formal-99f3bae966f2-20261010-sixblock-b2-N16-pass1,cuda_sync:CUPTI_ACTIVITY_KIND_SYNCHRONIZATION:359,n1_intervention,STRUCTURED,2814,32744202,762937,61745,device_activity:CUPTI_ACTIVITY_KIND_KERNEL:13286,B_VALID,116b3987a938082c67a1685dc8b06126aad5f32fe9fa3a228e7ece9bf641e0a1
2,N16,formal-99f3bae966f2-20261010-sixblock-b2-N16-pass1,cuda_sync:CUPTI_ACTIVITY_KIND_SYNCHRONIZATION:360,natural_token_ready,STRUCTURED,3498,44126799,0,26850,device_activity:CUPTI_ACTIVITY_KIND_MEMCPY:348,B_VALID,116b3987a938082c67a1685dc8b06126aad5f32fe9fa3a228e7ece9bf641e0a1
2,Nm,formal-99f3bae966f2-20261010-sixblock-b2-Nm-pass1,cuda_sync:CUPTI_ACTIVITY_KIND_SYNCHRONIZATION:354,,RAW_PHYSICAL,8,0,13248,14225,device_activity:CUPTI_ACTIVITY_KIND_MEMCPY:346,B_VALID,f2453ef64f0bf11e68f66459f94b8786f79647d3761924c82ba98d29c330a1d0
2,Nm,formal-99f3bae966f2-20261010-sixblock-b2-Nm-pass1,cuda_sync:CUPTI_ACTIVITY_KIND_SYNCHRONIZATION:355,natural_token_ready,STRUCTURED,1906,28069506,0,25048,device_activity:CUPTI_ACTIVITY_KIND_MEMCPY:347,B_VALID,f2453ef64f0bf11e68f66459f94b8786f79647d3761924c82ba98d29c330a1d0
2,Nm,formal-99f3bae966f2-20261010-sixblock-b2-Nm-pass1,cuda_sync:CUPTI_ACTIVITY_KIND_SYNCHRONIZATION:356,natural_token_ready,STRUCTURED,3498,49052888,0,26650,device_activity:CUPTI_ACTIVITY_KIND_MEMCPY:348,B_VALID,f2453ef64f0bf11e68f66459f94b8786f79647d3761924c82ba98d29c330a1d0
3,N0,formal-99f3bae966f2-20261010-sixblock-b3-N0-pass1,cuda_sync:CUPTI_ACTIVITY_KIND_SYNCHRONIZATION:354,,RAW_PHYSICAL,8,0,14336,33038,device_activity:CUPTI_ACTIVITY_KIND_MEMCPY:346,B_VALID,56f95508fd57b1173687a7ab888f466e2869b03814f318ace6482417780a9c53
3,N0,formal-99f3bae966f2-20261010-sixblock-b3-N0-pass1,cuda_sync:CUPTI_ACTIVITY_KIND_SYNCHRONIZATION:355,natural_token_ready,STRUCTURED,1906,14017990,0,23074,device_activity:CUPTI_ACTIVITY_KIND_MEMCPY:347,B_VALID,56f95508fd57b1173687a7ab888f466e2869b03814f318ace6482417780a9c53
3,N0,formal-99f3bae966f2-20261010-sixblock-b3-N0-pass1,cuda_sync:CUPTI_ACTIVITY_KIND_SYNCHRONIZATION:356,natural_token_ready,STRUCTURED,3498,29160210,0,23826,device_activity:CUPTI_ACTIVITY_KIND_MEMCPY:348,B_VALID,56f95508fd57b1173687a7ab888f466e2869b03814f318ace6482417780a9c53
3,N16,formal-99f3bae966f2-20261010-sixblock-b3-N16-pass1,cuda_sync:CUPTI_ACTIVITY_KIND_SYNCHRONIZATION:357,,RAW_PHYSICAL,8,0,13344,14739,device_activity:CUPTI_ACTIVITY_KIND_MEMCPY:346,B_VALID,3efe967150fefafd1f26833245bcc4aa1a00d7df92dcb8e35651923b2d2043af
3,N16,formal-99f3bae966f2-20261010-sixblock-b3-N16-pass1,cuda_sync:CUPTI_ACTIVITY_KIND_SYNCHRONIZATION:358,natural_token_ready,STRUCTURED,1906,21758461,0,25498,device_activity:CUPTI_ACTIVITY_KIND_MEMCPY:347,B_VALID,3efe967150fefafd1f26833245bcc4aa1a00d7df92dcb8e35651923b2d2043af
3,N16,formal-99f3bae966f2-20261010-sixblock-b3-N16-pass1,cuda_sync:CUPTI_ACTIVITY_KIND_SYNCHRONIZATION:359,n1_intervention,STRUCTURED,2814,29094255,107807,22170,device_activity:CUPTI_ACTIVITY_KIND_KERNEL:13286,B_VALID,3efe967150fefafd1f26833245bcc4aa1a00d7df92dcb8e35651923b2d2043af
3,N16,formal-99f3bae966f2-20261010-sixblock-b3-N16-pass1,cuda_sync:CUPTI_ACTIVITY_KIND_SYNCHRONIZATION:360,natural_token_ready,STRUCTURED,3498,35881697,0,29103,device_activity:CUPTI_ACTIVITY_KIND_MEMCPY:348,B_VALID,3efe967150fefafd1f26833245bcc4aa1a00d7df92dcb8e35651923b2d2043af
3,Nm,formal-99f3bae966f2-20261010-sixblock-b3-Nm-pass1,cuda_sync:CUPTI_ACTIVITY_KIND_SYNCHRONIZATION:354,,RAW_PHYSICAL,8,0,13440,13164,device_activity:CUPTI_ACTIVITY_KIND_MEMCPY:346,B_VALID,7efe3fa4ffb140e1fcff9632296cd453ef68bc011427f729cc077c23b03fc69b
3,Nm,formal-99f3bae966f2-20261010-sixblock-b3-Nm-pass1,cuda_sync:CUPTI_ACTIVITY_KIND_SYNCHRONIZATION:355,natural_token_ready,STRUCTURED,1906,23559269,0,24587,device_activity:CUPTI_ACTIVITY_KIND_MEMCPY:347,B_VALID,7efe3fa4ffb140e1fcff9632296cd453ef68bc011427f729cc077c23b03fc69b
3,Nm,formal-99f3bae966f2-20261010-sixblock-b3-Nm-pass1,cuda_sync:CUPTI_ACTIVITY_KIND_SYNCHRONIZATION:356,natural_token_ready,STRUCTURED,3498,37271096,0,25388,device_activity:CUPTI_ACTIVITY_KIND_MEMCPY:348,B_VALID,7efe3fa4ffb140e1fcff9632296cd453ef68bc011427f729cc077c23b03fc69b
4,N0,formal-99f3bae966f2-20261010-sixblock-b4-N0-pass1,cuda_sync:CUPTI_ACTIVITY_KIND_SYNCHRONIZATION:354,,RAW_PHYSICAL,8,0,33568,14013,device_activity:CUPTI_ACTIVITY_KIND_MEMCPY:346,B_VALID,3cb05cced71ad00c0e7a29a84009bedd8e786b438ab169a42f8bd6379aa01821
4,N0,formal-99f3bae966f2-20261010-sixblock-b4-N0-pass1,cuda_sync:CUPTI_ACTIVITY_KIND_SYNCHRONIZATION:355,natural_token_ready,STRUCTURED,1906,28126334,0,25719,device_activity:CUPTI_ACTIVITY_KIND_MEMCPY:347,B_VALID,3cb05cced71ad00c0e7a29a84009bedd8e786b438ab169a42f8bd6379aa01821
4,N0,formal-99f3bae966f2-20261010-sixblock-b4-N0-pass1,cuda_sync:CUPTI_ACTIVITY_KIND_SYNCHRONIZATION:356,natural_token_ready,STRUCTURED,3498,49099761,0,25729,device_activity:CUPTI_ACTIVITY_KIND_MEMCPY:348,B_VALID,3cb05cced71ad00c0e7a29a84009bedd8e786b438ab169a42f8bd6379aa01821
4,N16,formal-99f3bae966f2-20261010-sixblock-b4-N16-pass1,cuda_sync:CUPTI_ACTIVITY_KIND_SYNCHRONIZATION:357,,RAW_PHYSICAL,8,0,13247,16244,device_activity:CUPTI_ACTIVITY_KIND_MEMCPY:346,B_VALID,9daa86842a198ce512e41501f531ecd47986efeea4901d3593ed4d169519d8cb
4,N16,formal-99f3bae966f2-20261010-sixblock-b4-N16-pass1,cuda_sync:CUPTI_ACTIVITY_KIND_SYNCHRONIZATION:358,natural_token_ready,STRUCTURED,1906,18941869,0,29354,device_activity:CUPTI_ACTIVITY_KIND_MEMCPY:347,B_VALID,9daa86842a198ce512e41501f531ecd47986efeea4901d3593ed4d169519d8cb
4,N16,formal-99f3bae966f2-20261010-sixblock-b4-N16-pass1,cuda_sync:CUPTI_ACTIVITY_KIND_SYNCHRONIZATION:359,n1_intervention,STRUCTURED,2814,24383935,107071,27419,device_activity:CUPTI_ACTIVITY_KIND_KERNEL:13286,B_VALID,9daa86842a198ce512e41501f531ecd47986efeea4901d3593ed4d169519d8cb
4,N16,formal-99f3bae966f2-20261010-sixblock-b4-N16-pass1,cuda_sync:CUPTI_ACTIVITY_KIND_SYNCHRONIZATION:360,natural_token_ready,STRUCTURED,3498,30303376,0,26148,device_activity:CUPTI_ACTIVITY_KIND_MEMCPY:348,B_VALID,9daa86842a198ce512e41501f531ecd47986efeea4901d3593ed4d169519d8cb
4,Nm,formal-99f3bae966f2-20261010-sixblock-b4-Nm-pass1,cuda_sync:CUPTI_ACTIVITY_KIND_SYNCHRONIZATION:354,,RAW_PHYSICAL,8,0,12256,13801,device_activity:CUPTI_ACTIVITY_KIND_MEMCPY:346,B_VALID,527db07efd8996739f13dd2e4a153816ed2a4df53e647a6bae919845c06a31dc
4,Nm,formal-99f3bae966f2-20261010-sixblock-b4-Nm-pass1,cuda_sync:CUPTI_ACTIVITY_KIND_SYNCHRONIZATION:355,natural_token_ready,STRUCTURED,1906,13992497,0,26910,device_activity:CUPTI_ACTIVITY_KIND_MEMCPY:347,B_VALID,527db07efd8996739f13dd2e4a153816ed2a4df53e647a6bae919845c06a31dc
4,Nm,formal-99f3bae966f2-20261010-sixblock-b4-Nm-pass1,cuda_sync:CUPTI_ACTIVITY_KIND_SYNCHRONIZATION:356,natural_token_ready,STRUCTURED,3498,29896975,0,25247,device_activity:CUPTI_ACTIVITY_KIND_MEMCPY:348,B_VALID,527db07efd8996739f13dd2e4a153816ed2a4df53e647a6bae919845c06a31dc
5,N0,formal-99f3bae966f2-20261010-sixblock-b5-N0-pass1,cuda_sync:CUPTI_ACTIVITY_KIND_SYNCHRONIZATION:354,,RAW_PHYSICAL,8,0,12384,16169,device_activity:CUPTI_ACTIVITY_KIND_MEMCPY:346,B_VALID,40c94e598bf301d8deebc508ae30bb850421824af0bd581fe4c199d9d67f7565
5,N0,formal-99f3bae966f2-20261010-sixblock-b5-N0-pass1,cuda_sync:CUPTI_ACTIVITY_KIND_SYNCHRONIZATION:355,natural_token_ready,STRUCTURED,1906,16480511,0,24486,device_activity:CUPTI_ACTIVITY_KIND_MEMCPY:347,B_VALID,40c94e598bf301d8deebc508ae30bb850421824af0bd581fe4c199d9d67f7565
5,N0,formal-99f3bae966f2-20261010-sixblock-b5-N0-pass1,cuda_sync:CUPTI_ACTIVITY_KIND_SYNCHRONIZATION:356,natural_token_ready,STRUCTURED,3498,30505393,0,25077,device_activity:CUPTI_ACTIVITY_KIND_MEMCPY:348,B_VALID,40c94e598bf301d8deebc508ae30bb850421824af0bd581fe4c199d9d67f7565
5,N16,formal-99f3bae966f2-20261010-sixblock-b5-N16-pass1,cuda_sync:CUPTI_ACTIVITY_KIND_SYNCHRONIZATION:357,,RAW_PHYSICAL,8,0,24992,15639,device_activity:CUPTI_ACTIVITY_KIND_MEMCPY:346,B_VALID,2fe5980ef6246681af7b3b8e4a4152723a112c9c24687fa681f022cb3b6679d5
5,N16,formal-99f3bae966f2-20261010-sixblock-b5-N16-pass1,cuda_sync:CUPTI_ACTIVITY_KIND_SYNCHRONIZATION:358,natural_token_ready,STRUCTURED,1906,14104335,0,26259,device_activity:CUPTI_ACTIVITY_KIND_MEMCPY:347,B_VALID,2fe5980ef6246681af7b3b8e4a4152723a112c9c24687fa681f022cb3b6679d5
5,N16,formal-99f3bae966f2-20261010-sixblock-b5-N16-pass1,cuda_sync:CUPTI_ACTIVITY_KIND_SYNCHRONIZATION:359,n1_intervention,STRUCTURED,2814,21248018,107231,24086,device_activity:CUPTI_ACTIVITY_KIND_KERNEL:13286,B_VALID,2fe5980ef6246681af7b3b8e4a4152723a112c9c24687fa681f022cb3b6679d5
5,N16,formal-99f3bae966f2-20261010-sixblock-b5-N16-pass1,cuda_sync:CUPTI_ACTIVITY_KIND_SYNCHRONIZATION:360,natural_token_ready,STRUCTURED,3498,24626420,0,25378,device_activity:CUPTI_ACTIVITY_KIND_MEMCPY:348,B_VALID,2fe5980ef6246681af7b3b8e4a4152723a112c9c24687fa681f022cb3b6679d5
5,Nm,formal-99f3bae966f2-20261010-sixblock-b5-Nm-pass1,cuda_sync:CUPTI_ACTIVITY_KIND_SYNCHRONIZATION:354,,RAW_PHYSICAL,8,0,15104,16712,device_activity:CUPTI_ACTIVITY_KIND_MEMCPY:346,B_VALID,584db5a807eccdc038dff22f2644ca89544fbb346c700b316a6899f249a17782
5,Nm,formal-99f3bae966f2-20261010-sixblock-b5-Nm-pass1,cuda_sync:CUPTI_ACTIVITY_KIND_SYNCHRONIZATION:355,natural_token_ready,STRUCTURED,1906,21569395,0,25669,device_activity:CUPTI_ACTIVITY_KIND_MEMCPY:347,B_VALID,584db5a807eccdc038dff22f2644ca89544fbb346c700b316a6899f249a17782
5,Nm,formal-99f3bae966f2-20261010-sixblock-b5-Nm-pass1,cuda_sync:CUPTI_ACTIVITY_KIND_SYNCHRONIZATION:356,natural_token_ready,STRUCTURED,3498,38482854,0,26070,device_activity:CUPTI_ACTIVITY_KIND_MEMCPY:348,B_VALID,584db5a807eccdc038dff22f2644ca89544fbb346c700b316a6899f249a17782
6,N0,formal-99f3bae966f2-20261010-sixblock-b6-N0-pass1,cuda_sync:CUPTI_ACTIVITY_KIND_SYNCHRONIZATION:354,,RAW_PHYSICAL,8,0,68096,19622,device_activity:CUPTI_ACTIVITY_KIND_MEMCPY:346,B_VALID,6f87f46579aef3af9d754b2cbf4bd749e71fd63f2af4e4becdf3dcc5b5a01107
6,N0,formal-99f3bae966f2-20261010-sixblock-b6-N0-pass1,cuda_sync:CUPTI_ACTIVITY_KIND_SYNCHRONIZATION:355,natural_token_ready,STRUCTURED,1906,25896371,0,24236,device_activity:CUPTI_ACTIVITY_KIND_MEMCPY:347,B_VALID,6f87f46579aef3af9d754b2cbf4bd749e71fd63f2af4e4becdf3dcc5b5a01107
6,N0,formal-99f3bae966f2-20261010-sixblock-b6-N0-pass1,cuda_sync:CUPTI_ACTIVITY_KIND_SYNCHRONIZATION:356,natural_token_ready,STRUCTURED,3498,44490528,0,24627,device_activity:CUPTI_ACTIVITY_KIND_MEMCPY:348,B_VALID,6f87f46579aef3af9d754b2cbf4bd749e71fd63f2af4e4becdf3dcc5b5a01107
6,N16,formal-99f3bae966f2-20261010-sixblock-b6-N16-pass1,cuda_sync:CUPTI_ACTIVITY_KIND_SYNCHRONIZATION:357,,RAW_PHYSICAL,8,0,24256,265115,device_activity:CUPTI_ACTIVITY_KIND_MEMCPY:346,B_VALID,1c0b34a409193081ea1cf2f6db143c902456bd97f2a07608f87afb46ed54c3aa
6,N16,formal-99f3bae966f2-20261010-sixblock-b6-N16-pass1,cuda_sync:CUPTI_ACTIVITY_KIND_SYNCHRONIZATION:358,natural_token_ready,STRUCTURED,1906,22255543,0,28022,device_activity:CUPTI_ACTIVITY_KIND_MEMCPY:347,B_VALID,1c0b34a409193081ea1cf2f6db143c902456bd97f2a07608f87afb46ed54c3aa
6,N16,formal-99f3bae966f2-20261010-sixblock-b6-N16-pass1,cuda_sync:CUPTI_ACTIVITY_KIND_SYNCHRONIZATION:359,n1_intervention,STRUCTURED,2814,30811765,107647,24787,device_activity:CUPTI_ACTIVITY_KIND_KERNEL:13286,B_VALID,1c0b34a409193081ea1cf2f6db143c902456bd97f2a07608f87afb46ed54c3aa
6,N16,formal-99f3bae966f2-20261010-sixblock-b6-N16-pass1,cuda_sync:CUPTI_ACTIVITY_KIND_SYNCHRONIZATION:360,natural_token_ready,STRUCTURED,3498,40620454,0,461008,device_activity:CUPTI_ACTIVITY_KIND_MEMCPY:348,B_VALID,1c0b34a409193081ea1cf2f6db143c902456bd97f2a07608f87afb46ed54c3aa
6,Nm,formal-99f3bae966f2-20261010-sixblock-b6-Nm-pass1,cuda_sync:CUPTI_ACTIVITY_KIND_SYNCHRONIZATION:354,,RAW_PHYSICAL,8,0,85888,15380,device_activity:CUPTI_ACTIVITY_KIND_MEMCPY:346,B_VALID,ccfbaa450a00dc1d1f0bbe6a0baeb9ca730705432b4ce4d95682dcc4b1f29a57
6,Nm,formal-99f3bae966f2-20261010-sixblock-b6-Nm-pass1,cuda_sync:CUPTI_ACTIVITY_KIND_SYNCHRONIZATION:355,natural_token_ready,STRUCTURED,1906,17975792,0,27171,device_activity:CUPTI_ACTIVITY_KIND_MEMCPY:347,B_VALID,ccfbaa450a00dc1d1f0bbe6a0baeb9ca730705432b4ce4d95682dcc4b1f29a57
6,Nm,formal-99f3bae966f2-20261010-sixblock-b6-Nm-pass1,cuda_sync:CUPTI_ACTIVITY_KIND_SYNCHRONIZATION:356,natural_token_ready,STRUCTURED,3498,34099792,0,25869,device_activity:CUPTI_ACTIVITY_KIND_MEMCPY:348,B_VALID,ccfbaa450a00dc1d1f0bbe6a0baeb9ca730705432b4ce4d95682dcc4b1f29a57
