workload_id,gpu_name,prompt_len,batch_size,output_len,num_repeats,metric_definition_version,B_invalid_count,B_valid_count,B_valid_coverage,conservation_error_pct_max,decode_A_cuda_api_ms_CV,decode_A_cuda_api_ms_IQR,decode_A_cuda_api_ms_mean,decode_A_cuda_api_ms_median,decode_A_cuda_api_ms_std,decode_A_cuda_api_pct_mean,decode_A_device_wait_ms_CV,decode_A_device_wait_ms_IQR,decode_A_device_wait_ms_mean,decode_A_device_wait_ms_median,decode_A_device_wait_ms_std,decode_A_device_wait_pct_mean,decode_A_host_path_ms_CV,decode_A_host_path_ms_IQR,decode_A_host_path_ms_mean,decode_A_host_path_ms_median,decode_A_host_path_ms_std,decode_A_host_path_pct_mean,decode_A_sync_residual_ms_CV,decode_A_sync_residual_ms_IQR,decode_A_sync_residual_ms_mean,decode_A_sync_residual_ms_median,decode_A_sync_residual_ms_std,decode_A_sync_residual_pct_mean,decode_A_unattributed_ms_CV,decode_A_unattributed_ms_IQR,decode_A_unattributed_ms_mean,decode_A_unattributed_ms_median,decode_A_unattributed_ms_std,decode_A_unattributed_pct_mean,decode_B_invalid_DROPPED_TRACE_RECORDS_count,decode_B_invalid_EXTERNAL_ACTIVITY_count,decode_B_invalid_MISSING_CONTEXT_ID_count,decode_B_invalid_MISSING_CORRELATION_count,decode_B_invalid_MISSING_EVENT_MAP_count,decode_B_invalid_MISSING_STREAM_ID_count,decode_B_invalid_MULTI_TERMINAL_count,decode_B_invalid_NO_PENDING_ACTIVITY_count,decode_B_invalid_NO_SYNC_RECORD_count,decode_B_invalid_TRACE_ORDERING_ERROR_count,decode_B_invalid_UNSUPPORTED_EVENT_DEPENDENCY_count,decode_B_invalid_UNSUPPORTED_SYNC_TYPE_count,decode_B_invalid_count,decode_B_predecessor_ms_median,decode_B_predecessor_ms_p90,decode_B_predecessor_ms_p95,decode_B_self_ms_median,decode_B_self_ms_p90,decode_B_self_ms_p95,decode_B_stream_gap_ms_median,decode_B_stream_gap_ms_p90,decode_B_stream_gap_ms_p95,decode_B_valid_count,decode_B_valid_coverage,decode_O_api_gpu_mean,decode_O_api_gpu_std,decode_O_hostpath_gpu_mean,decode_O_hostpath_gpu_std,decode_conservation_error_pct_max,decode_cross_phase_terminal_count,decode_cuda_api_count_mean,decode_cuda_api_count_std,decode_cuda_api_union_ms_mean,decode_cuda_api_union_ms_std,decode_decode_output_tokens_per_second_mean,decode_device_overlap_with_sync_ms_median,decode_device_overlap_with_sync_ms_p90,decode_device_overlap_with_sync_ms_p95,decode_device_sync_count,decode_distinct_stream_count_mean,decode_distinct_stream_count_std,decode_event_sync_count,decode_gpu_active_ratio_mean,decode_gpu_active_ratio_std,decode_gpu_activity_union_ms_mean,decode_gpu_activity_union_ms_std,decode_kernel_count_mean,decode_kernel_count_std,decode_kernel_union_ms_mean,decode_kernel_union_ms_std,decode_latency_ms_CV,decode_latency_ms_IQR,decode_latency_ms_mean,decode_latency_ms_median,decode_latency_ms_std,decode_launch_api_count_mean,decode_launch_api_count_std,decode_memcpy_count_mean,decode_memcpy_count_std,decode_memcpy_union_ms_mean,decode_memcpy_union_ms_std,decode_memset_count_mean,decode_memset_count_std,decode_multistream_ratio_mean,decode_multistream_ratio_std,decode_physical_sync_count,decode_stream_sync_count,decode_sync_api_count_mean,decode_sync_api_count_std,decode_sync_return_tail_ms_median,decode_sync_return_tail_ms_p90,decode_sync_return_tail_ms_p95,decode_terminal_kernel_count,decode_terminal_kernel_share,decode_terminal_memcpy_count,decode_terminal_memcpy_share,decode_terminal_memset_count,decode_terminal_memset_share,decode_terminal_ownership_coverage,decode_terminal_ownership_valid_count,decode_timestamp_tolerance_applied_count,decode_tpot_proxy_ms_mean,decode_wait_set_external_count,decode_wait_set_size_median,decode_wait_set_size_p90,decode_wait_set_size_p95,decode_wait_set_unassigned_count,decomposition_stability_diagnostics,decomposition_stability_max_CV,decomposition_stability_status,dropped_records_status,duplicate_physical_sync_count,full_request_A_cuda_api_ms_CV,full_request_A_cuda_api_ms_IQR,full_request_A_cuda_api_ms_mean,full_request_A_cuda_api_ms_median,full_request_A_cuda_api_ms_std,full_request_A_cuda_api_pct_mean,full_request_A_device_wait_ms_CV,full_request_A_device_wait_ms_IQR,full_request_A_device_wait_ms_mean,full_request_A_device_wait_ms_median,full_request_A_device_wait_ms_std,full_request_A_device_wait_pct_mean,full_request_A_host_path_ms_CV,full_request_A_host_path_ms_IQR,full_request_A_host_path_ms_mean,full_request_A_host_path_ms_median,full_request_A_host_path_ms_std,full_request_A_host_path_pct_mean,full_request_A_sync_residual_ms_CV,full_request_A_sync_residual_ms_IQR,full_request_A_sync_residual_ms_mean,full_request_A_sync_residual_ms_median,full_request_A_sync_residual_ms_std,full_request_A_sync_residual_pct_mean,full_request_A_unattributed_ms_CV,full_request_A_unattributed_ms_IQR,full_request_A_unattributed_ms_mean,full_request_A_unattributed_ms_median,full_request_A_unattributed_ms_std,full_request_A_unattributed_pct_mean,full_request_O_api_gpu_mean,full_request_O_api_gpu_std,full_request_O_hostpath_gpu_mean,full_request_O_hostpath_gpu_std,full_request_conservation_error_pct_max,full_request_cuda_api_count_mean,full_request_cuda_api_count_std,full_request_cuda_api_union_ms_mean,full_request_cuda_api_union_ms_std,full_request_distinct_stream_count_mean,full_request_distinct_stream_count_std,full_request_full_request_total_tokens_per_second_mean,full_request_gpu_active_ratio_mean,full_request_gpu_active_ratio_std,full_request_gpu_activity_union_ms_mean,full_request_gpu_activity_union_ms_std,full_request_kernel_count_mean,full_request_kernel_count_std,full_request_kernel_union_ms_mean,full_request_kernel_union_ms_std,full_request_latency_ms_CV,full_request_latency_ms_IQR,full_request_latency_ms_mean,full_request_latency_ms_median,full_request_latency_ms_std,full_request_launch_api_count_mean,full_request_launch_api_count_std,full_request_memcpy_bytes_mean,full_request_memcpy_bytes_std,full_request_memcpy_count_mean,full_request_memcpy_count_std,full_request_memcpy_union_ms_mean,full_request_memcpy_union_ms_std,full_request_memset_count_mean,full_request_memset_count_std,full_request_multistream_ratio_mean,full_request_multistream_ratio_std,full_request_sync_api_count_mean,full_request_sync_api_count_std,global_nvtx_assignment_coverage,gpu_api_correlation_coverage,hard_gate_status,latency_stability_max_CV,latency_stability_status,nsys_product_version,overall_quality_status,physical_sync_count,prefill_A_cuda_api_ms_CV,prefill_A_cuda_api_ms_IQR,prefill_A_cuda_api_ms_mean,prefill_A_cuda_api_ms_median,prefill_A_cuda_api_ms_std,prefill_A_cuda_api_pct_mean,prefill_A_device_wait_ms_CV,prefill_A_device_wait_ms_IQR,prefill_A_device_wait_ms_mean,prefill_A_device_wait_ms_median,prefill_A_device_wait_ms_std,prefill_A_device_wait_pct_mean,prefill_A_host_path_ms_CV,prefill_A_host_path_ms_IQR,prefill_A_host_path_ms_mean,prefill_A_host_path_ms_median,prefill_A_host_path_ms_std,prefill_A_host_path_pct_mean,prefill_A_sync_residual_ms_CV,prefill_A_sync_residual_ms_IQR,prefill_A_sync_residual_ms_mean,prefill_A_sync_residual_ms_median,prefill_A_sync_residual_ms_std,prefill_A_sync_residual_pct_mean,prefill_A_unattributed_ms_CV,prefill_A_unattributed_ms_IQR,prefill_A_unattributed_ms_mean,prefill_A_unattributed_ms_median,prefill_A_unattributed_ms_std,prefill_A_unattributed_pct_mean,prefill_B_invalid_DROPPED_TRACE_RECORDS_count,prefill_B_invalid_EXTERNAL_ACTIVITY_count,prefill_B_invalid_MISSING_CONTEXT_ID_count,prefill_B_invalid_MISSING_CORRELATION_count,prefill_B_invalid_MISSING_EVENT_MAP_count,prefill_B_invalid_MISSING_STREAM_ID_count,prefill_B_invalid_MULTI_TERMINAL_count,prefill_B_invalid_NO_PENDING_ACTIVITY_count,prefill_B_invalid_NO_SYNC_RECORD_count,prefill_B_invalid_TRACE_ORDERING_ERROR_count,prefill_B_invalid_UNSUPPORTED_EVENT_DEPENDENCY_count,prefill_B_invalid_UNSUPPORTED_SYNC_TYPE_count,prefill_B_invalid_count,prefill_B_predecessor_ms_median,prefill_B_predecessor_ms_p90,prefill_B_predecessor_ms_p95,prefill_B_self_ms_median,prefill_B_self_ms_p90,prefill_B_self_ms_p95,prefill_B_stream_gap_ms_median,prefill_B_stream_gap_ms_p90,prefill_B_stream_gap_ms_p95,prefill_B_valid_count,prefill_B_valid_coverage,prefill_O_api_gpu_mean,prefill_O_api_gpu_std,prefill_O_hostpath_gpu_mean,prefill_O_hostpath_gpu_std,prefill_conservation_error_pct_max,prefill_cross_phase_terminal_count,prefill_cuda_api_count_mean,prefill_cuda_api_count_std,prefill_cuda_api_union_ms_mean,prefill_cuda_api_union_ms_std,prefill_device_overlap_with_sync_ms_median,prefill_device_overlap_with_sync_ms_p90,prefill_device_overlap_with_sync_ms_p95,prefill_device_sync_count,prefill_distinct_stream_count_mean,prefill_distinct_stream_count_std,prefill_event_sync_count,prefill_gpu_active_ratio_mean,prefill_gpu_active_ratio_std,prefill_gpu_activity_union_ms_mean,prefill_gpu_activity_union_ms_std,prefill_kernel_count_mean,prefill_kernel_count_std,prefill_kernel_union_ms_mean,prefill_kernel_union_ms_std,prefill_latency_ms_CV,prefill_latency_ms_IQR,prefill_latency_ms_mean,prefill_latency_ms_median,prefill_latency_ms_std,prefill_launch_api_count_mean,prefill_launch_api_count_std,prefill_memcpy_bytes_mean,prefill_memcpy_bytes_std,prefill_memcpy_count_mean,prefill_memcpy_count_std,prefill_memcpy_union_ms_mean,prefill_memcpy_union_ms_std,prefill_memset_count_mean,prefill_memset_count_std,prefill_multistream_ratio_mean,prefill_multistream_ratio_std,prefill_physical_sync_count,prefill_prefill_input_tokens_per_second_mean,prefill_stream_sync_count,prefill_sync_api_count_mean,prefill_sync_api_count_std,prefill_sync_return_tail_ms_median,prefill_sync_return_tail_ms_p90,prefill_sync_return_tail_ms_p95,prefill_terminal_kernel_count,prefill_terminal_kernel_share,prefill_terminal_memcpy_count,prefill_terminal_memcpy_share,prefill_terminal_memset_count,prefill_terminal_memset_share,prefill_terminal_ownership_coverage,prefill_terminal_ownership_valid_count,prefill_timestamp_tolerance_applied_count,prefill_ttft_proxy_ms_mean,prefill_wait_set_external_count,prefill_wait_set_size_median,prefill_wait_set_size_p90,prefill_wait_set_size_p95,prefill_wait_set_unassigned_count,profiling_overhead_measured,profiling_overhead_pct,request_api_assignment_coverage,rerun_recommended,schema_version,terminal_ownership_coverage,terminal_ownership_valid_count,unique_physical_sync_uid_count
w01_p128_b1_o16,NVIDIA GeForce RTX 4090,128,1,16,5,exposedpath-v2,8,77,0.9059,0.0,3.44,75.508,1298.6256,1291.45,44.6657,54.024,6.53,20.633,268.4774,270.692,17.5302,11.164,0.52,5.084,544.5434,544.939,2.8092,22.652,14.23,67.733,292.5556,287.869,41.6349,12.162,,0.0,0.0,0.0,0.0,0.0,0,0,0,0,0,0,0,0,0,7,0,0,7,18.0074,20.0972,21.7623,0.019,0.02,0.02,18.8543,27.3354,28.3071,68,0.9067,0.3107,0.0073,0.3569,0.0177,0,0,24315.0,0.0,1859.6586,17.0634,6.68,0.019,0.02,0.02,75,1.0,0.0,0,0.3603,0.0024,866.2778,5.0722,24270.0,0.0,866.2718,5.0718,0.64,7.674,2404.2022,2404.126,15.3834,24300.0,0.0,0.0,0.0,0.0,0.0,15.0,0.0,0.0,0.0,75,0,15.0,0.0,0.0212,0.0651,0.09,68,1.0,0,0.0,0,0.0,1.0,68,10,160.2802,0,323.0,430.0,446.6,0,[],15.42,unstable,unknown,0,3.49,84.989,1394.2412,1388.665,48.6217,53.446,5.88,23.563,298.6838,298.666,17.5536,11.448,0.97,3.947,587.0512,585.447,5.6848,22.502,12.64,74.128,328.9396,318.856,41.5741,12.602,,0.0,0.0,0.0,0.0,0.0,0.3116,0.007,0.3584,0.0156,0,26220.0,0.0,2021.8648,17.8097,1.0,0.0,55.2,0.3617,0.0027,943.5088,5.5017,26170.2,0.4472,943.501,5.502,0.61,17.443,2608.916,2609.887,15.8356,26203.0,0.0,1.0,0.0,1.0,0.0,0.0014,0.0009,16.0,0.0,0.0,0.0,17.0,0.0,0.6191,1.0,pass,3.34,stable,2025.6.3.541,warning,85,7.24,2.673,95.616,96.989,6.9259,46.718,10.91,4.195,30.2062,27.979,3.2963,14.75,8.48,1.665,42.463,41.058,3.6021,20.764,15.42,6.888,36.384,36.753,5.6114,17.768,,0.0,0.0,0.0,0.0,0.0,0,0,0,0,0,0,0,0,0,1,0,0,1,17.235,27.8499,27.9361,0.0259,0.027,0.0271,29.6814,52.4891,55.608,9,0.9,0.3237,0.0253,0.3806,0.0337,0,0,1905.0,0.0,162.2062,7.8036,0.0081,0.027,0.0271,5,1.0,0.0,0,0.3777,0.0128,77.231,0.4866,1900.2,0.4472,77.2296,0.4874,3.34,5.161,204.6694,204.687,6.8419,1903.0,0.0,1.0,0.0,1.0,0.0,0.0014,0.0009,1.0,0.0,0.0,0.0,10,625.96,5,2.0,0.0,0.012,0.0591,0.0961,5,0.5556,4,0.4444,0,0.0,1.0,9,1,204.6694,0,497.0,635.6,664.8,0,False,,1.0,False,3.24.8,1.0,77,85
w02_p128_b2_o16,NVIDIA GeForce RTX 4090,128,2,16,5,exposedpath-v2,0,85,1.0,0.0,2.9,29.653,1204.1088,1210.056,34.936,49.652,2.16,9.558,324.398,324.764,6.9998,13.382,1.06,9.555,507.323,508.007,5.4004,20.922,4.75,8.967,389.0834,391.636,18.4924,16.042,,0.0,0.0,0.0,0.0,0.0,0,0,0,0,0,0,0,0,0,0,0,0,0,20.1843,22.6809,23.6765,0.0203,0.0213,0.0216,26.6227,42.8683,46.5907,75,1.0,0.3246,0.0042,0.3441,0.0069,0,0,24315.0,0.0,1917.5898,27.1929,13.2,0.0203,0.0213,0.0216,75,1.0,0.0,0,0.367,0.0049,889.7442,7.0265,24270.0,0.0,889.7382,7.0265,0.99,8.752,2424.9128,2426.001,24.0685,24300.0,0.0,0.0,0.0,0.0,0.0,15.0,0.0,0.0,0.0,75,0,15.0,0.0,0.026,0.0426,0.0449,75,1.0,0,0.0,0,0.0,1.0,75,0,161.6608,0,436.0,547.6,589.6,0,[],36.5,unstable,unknown,0,2.96,37.423,1296.1878,1299.878,38.3443,49.526,1.88,7.41,352.1938,351.496,6.625,13.458,0.94,8.732,544.7416,544.652,5.1242,20.82,6.95,1.518,423.9572,426.276,29.4754,16.196,,0.0,0.0,0.0,0.0,0.0,0.3235,0.0048,0.3456,0.0065,0,26248.0,0.0,2072.3386,30.0034,1.0,0.0,110.06,0.3668,0.0057,959.7754,8.396,26198.0,0.0,959.7678,8.3964,1.03,16.542,2617.0802,2611.657,27.0461,26231.0,0.0,1.0,0.0,1.0,0.0,0.0016,0.0005,16.0,0.0,0.0,0.0,17.0,0.0,0.6191,1.0,pass,3.61,stable,2025.6.3.541,warning,85,12.33,19.179,92.079,95.413,11.3542,48.052,12.18,2.466,27.7958,26.732,3.3858,14.45,1.57,0.899,37.3288,37.535,0.5866,19.456,36.5,10.299,34.8738,34.454,12.7306,18.038,,0.0,0.0,0.0,0.0,0.0,0,0,0,0,0,0,0,0,0,0,0,0,0,7.6584,17.5287,20.8185,0.0117,0.0227,0.023,10.6202,52.5689,61.6246,10,1.0,0.3093,0.0227,0.367,0.0211,0,0,1933.0,0.0,154.749,7.1736,0.0117,0.0227,0.023,5,1.0,0.0,0,0.3651,0.0195,70.031,1.3927,1928.0,0.0,70.0296,1.3931,3.61,7.914,192.0778,193.346,6.925,1931.0,0.0,1.0,0.0,1.0,0.0,0.0016,0.0005,1.0,0.0,0.0,0.0,10,1334.18,5,2.0,0.0,0.0199,0.0448,0.0466,5,0.5,5,0.5,0,0.0,1.0,10,0,192.0778,0,215.0,602.0,683.0,0,False,,1.0,False,3.24.8,1.0,85,85
w03_p128_b4_o16,NVIDIA GeForce RTX 4090,128,4,16,5,exposedpath-v2,0,85,1.0,0.0,3.25,20.491,1107.0786,1114.48,35.955,63.412,90.72,7.629,48.4158,28.199,43.9234,2.686,0.59,3.943,499.8492,498.215,2.9581,28.636,44.52,10.189,93.3284,82.098,41.5457,5.27,,0.0,0.0,0.0,0.0,0.0,0,0,0,0,0,0,0,0,0,0,0,0,0,1.5468,3.669,16.3295,0.0252,0.0298,0.0299,3.6409,12.9961,21.9835,75,1.0,0.1259,0.0302,0.2228,0.035,0,0,23895.0,0.0,1248.8228,85.4097,36.66,0.0252,0.0298,0.0299,75,1.0,0.0,0,0.1702,0.0362,299.7108,75.9149,23850.0,0.0,299.7052,75.9148,4.96,18.821,1748.6714,1736.357,86.7619,23880.0,0.0,0.0,0.0,0.0,0.0,15.0,0.0,0.0,0.0,75,0,15.0,0.0,0.0076,0.0228,0.0245,75,1.0,0,0.0,0,0.0,1.0,75,0,116.578,0,58.0,226.0,365.7,0,[],90.72,unstable,unknown,0,3.0,28.304,1199.992,1210.687,35.9526,62.122,68.43,32.024,75.9694,65.374,51.9839,3.816,0.55,3.698,536.632,534.97,2.9332,27.792,42.85,20.064,123.1088,105.727,52.7525,6.266,,0.0,0.0,0.0,0.0,0.0,0.1386,0.0357,0.2341,0.0404,0,25828.0,0.0,1399.07,110.1918,1.0,0.0,298.36,0.1887,0.0445,368.6942,102.7645,25722.0,0.0,368.639,102.7614,5.77,51.782,1935.7024,1937.968,111.7218,25811.0,0.0,1.0,0.0,1.0,0.0,0.0006,0.0005,72.0,0.0,0.0,0.0,17.0,0.0,0.619,1.0,pass,17.28,unstable,2025.6.3.541,unstable,85,4.79,2.625,92.9134,91.939,4.4499,51.174,61.63,19.356,27.5538,35.426,16.9828,13.684,0.46,0.111,36.7298,36.735,0.169,20.224,58.95,4.216,29.7804,31.473,17.5546,14.916,,0.0,0.0,0.0,0.0,0.0,0,0,0,0,0,0,0,0,0,0,0,0,0,1.1093,21.9278,24.4246,0.0043,0.0319,0.0336,1.005,53.2762,60.0508,10,1.0,0.2921,0.1031,0.3883,0.1179,0,0,1933.0,0.0,150.2476,32.3167,0.0043,0.0319,0.0336,5,1.0,0.0,0,0.3524,0.1236,68.9834,30.9646,1872.0,0.0,68.9338,30.9636,17.28,30.271,186.9772,201.569,32.3088,1931.0,0.0,1.0,0.0,1.0,0.0,0.0006,0.0005,57.0,0.0,0.0,0.0,10,2818.94,5,2.0,0.0,0.0128,0.0218,0.0262,5,0.5,5,0.5,0,0.0,1.0,10,0,186.9772,0,18.0,677.3,687.65,0,False,,1.0,True,3.24.8,1.0,85,85
w04_p128_b8_o16,NVIDIA GeForce RTX 4090,128,8,16,5,exposedpath-v2,0,85,1.0,0.0,1.81,22.876,1259.704,1252.378,22.7735,66.392,14.37,1.479,32.1568,31.269,4.6201,1.694,1.04,8.896,524.8438,523.42,5.4628,27.662,25.28,21.335,80.7146,76.739,20.4071,4.252,,0.0,0.0,0.0,0.0,0.0,0,0,0,0,0,0,0,0,0,0,0,0,0,1.742,3.2857,3.9964,0.0278,0.03,0.0456,4.4516,11.2696,15.2643,75,1.0,0.1055,0.0105,0.2347,0.0088,0,0,24735.0,0.0,1372.5756,16.9569,67.46,0.0278,0.03,0.0456,75,1.0,0.0,0,0.1519,0.0084,288.213,15.9164,24690.0,0.0,288.2076,15.9163,1.03,28.354,1897.4192,1906.269,19.4928,24720.0,0.0,0.0,0.0,0.0,0.0,15.0,0.0,0.0,0.0,75,0,15.0,0.0,0.0205,0.0333,0.0359,75,1.0,0,0.0,0,0.0,1.0,75,0,126.4946,0,68.0,198.0,222.0,0,[],44.04,unstable,unknown,0,2.02,12.111,1343.6624,1336.476,27.1491,62.134,34.82,64.345,121.26,144.062,42.2279,5.574,1.46,9.693,564.771,562.045,8.2227,26.112,20.38,6.551,133.9196,133.32,27.2991,6.178,,0.0,0.0,0.0,0.0,0.0,0.1306,0.0127,0.262,0.0146,0,26612.0,0.0,1598.842,48.2525,1.0,0.0,532.68,0.2051,0.0251,444.6388,62.7612,26534.0,0.0,444.6158,62.7605,2.27,60.84,2163.6132,2160.33,49.1208,26595.0,0.0,1.0,0.0,1.0,0.0,0.0008,0.0004,44.0,0.0,0.0,0.0,17.0,0.0,0.619,1.0,pass,15.72,unstable,2025.6.3.541,unstable,85,13.9,21.295,83.9584,82.339,11.6693,32.776,44.04,60.044,89.1028,112.792,39.2387,32.17,8.52,0.807,39.8804,38.597,3.3961,15.252,24.07,21.27,53.205,60.325,12.807,19.8,,0.0,0.0,0.0,0.0,0.0,0,0,0,0,0,0,0,0,0,0,0,0,0,10.9443,49.1444,49.7612,0.0109,0.0285,0.0287,27.3097,129.7705,130.4707,10,1.0,0.5165,0.1083,0.6209,0.1203,0,0,1877.0,0.0,226.2664,40.8747,0.0109,0.0285,0.0287,5,1.0,0.0,0,0.5761,0.1035,156.4258,47.5579,1844.0,0.0,156.4082,47.5573,15.72,66.127,266.1468,289.606,41.8274,1875.0,0.0,1.0,0.0,1.0,0.0,0.0008,0.0004,29.0,0.0,0.0,0.0,10,3930.64,5,2.0,0.0,0.0214,0.0297,0.0352,5,0.5,5,0.5,0,0.0,1.0,10,0,266.1468,0,315.0,1141.9,1159.45,0,False,,1.0,True,3.24.8,1.0,85,85
w05_p256_b1_o16,NVIDIA GeForce RTX 4090,256,1,16,5,exposedpath-v2,0,85,1.0,0.0,2.27,34.632,1169.6554,1158.635,26.5081,53.538,1.62,1.605,262.397,263.254,4.248,12.012,0.3,0.57,482.8232,482.595,1.45,22.104,8.92,41.327,269.9574,268.358,24.0802,12.346,,0.0,0.0,0.0,0.0,0.0,0,0,0,0,0,0,0,0,0,0,0,0,0,17.4011,19.1706,20.5095,0.0081,0.0108,0.0108,18.1076,24.3815,25.7222,75,1.0,0.3213,0.008,0.3531,0.0116,0,0,24315.0,0.0,1702.0098,41.5188,7.32,0.0081,0.0108,0.0108,75,1.0,0.0,0,0.3702,0.0087,808.6056,9.5663,24270.0,0.0,808.5998,9.5664,1.95,70.26,2184.8328,2177.01,42.5247,24300.0,0.0,0.0,0.0,0.0,0.0,15.0,0.0,0.0,0.0,75,0,15.0,0.0,0.0184,0.0289,0.0301,75,1.0,0,0.0,0,0.0,1.0,75,0,145.6554,0,339.0,413.0,432.4,0,[],17.97,unstable,unknown,0,2.05,38.842,1257.8544,1247.952,25.7619,53.07,1.36,2.214,289.8646,290.438,3.9445,12.234,0.22,0.247,519.0696,518.987,1.1528,21.902,6.47,33.398,303.446,308.177,19.6191,12.794,,0.0,0.0,0.0,0.0,0.0,0.3213,0.0065,0.3566,0.0121,0,26220.0,0.0,1851.1648,38.9175,1.0,0.0,114.78,0.3709,0.0078,879.0122,11.5206,26170.2,0.4472,879.0048,11.5213,1.68,73.721,2370.2346,2359.598,39.7015,26203.0,0.0,1.0,0.0,1.0,0.0,0.0016,0.0005,16.0,0.0,0.0,0.0,17.0,0.0,0.6191,1.0,pass,3.54,stable,2025.6.3.541,warning,85,2.7,3.325,88.199,89.317,2.3834,47.666,9.06,1.467,27.468,27.225,2.4894,14.798,1.07,0.457,36.1824,36.331,0.3861,19.538,17.97,7.93,33.4882,35.739,6.0164,17.996,,0.0,0.0,0.0,0.0,0.0,0,0,0,0,0,0,0,0,0,0,0,0,0,7.6673,17.6371,20.7548,0.0087,0.019,0.0194,12.7307,49.0183,51.2948,10,1.0,0.3204,0.0178,0.4047,0.0255,0,0,1905.0,0.0,149.1552,6.2932,0.0087,0.019,0.0194,5,1.0,0.0,0,0.38,0.0071,70.4064,1.9753,1900.2,0.4472,70.4048,1.9758,3.54,6.095,185.338,188.133,6.568,1903.0,0.0,1.0,0.0,1.0,0.0,0.0016,0.0005,1.0,0.0,0.0,0.0,10,1382.68,5,2.0,0.0,0.01,0.0255,0.028,5,0.5,5,0.5,0,0.0,1.0,10,1,185.338,0,235.5,570.4,594.7,0,False,,1.0,False,3.24.8,1.0,85,85
w06_p256_b2_o16,NVIDIA GeForce RTX 4090,256,2,16,5,exposedpath-v2,0,85,1.0,0.0,2.75,46.819,1116.102,1098.721,30.658,66.318,16.89,5.13,26.3148,25.742,4.4456,1.56,1.34,9.643,496.5896,498.374,6.6688,29.52,37.91,12.36,44.1664,41.045,16.7418,2.604,,0.0,0.0,0.0,0.0,0.0,0,0,0,0,0,0,0,0,0,0,0,0,0,1.516,2.3911,3.0941,0.0273,0.0317,0.0343,2.2248,6.506,7.8686,75,1.0,0.136,0.0184,0.2421,0.0167,0,0,24315.0,0.0,1186.5832,49.2575,19.02,0.0273,0.0317,0.0343,75,1.0,0.0,0,0.1771,0.0166,298.5568,34.5292,24270.0,0.0,298.5508,34.5292,3.07,50.858,1683.1726,1660.666,51.6819,24300.0,0.0,0.0,0.0,0.0,0.0,15.0,0.0,0.0,0.0,75,0,15.0,0.0,0.0185,0.0265,0.0361,75,1.0,0,0.0,0,0.0,1.0,75,0,112.2114,0,47.0,111.2,163.5,0,[],45.94,unstable,unknown,0,2.59,51.134,1208.658,1192.892,31.3052,64.726,28.73,15.664,54.6828,56.13,15.7098,2.916,1.2,9.045,532.8886,534.714,6.392,28.548,33.11,19.145,71.6564,69.746,23.7238,3.808,,0.0,0.0,0.0,0.0,0.0,0.155,0.0211,0.256,0.0186,0,26248.0,0.0,1334.9974,58.2686,1.0,0.0,291.48,0.2023,0.0232,378.5616,51.0919,26142.0,0.0,378.5086,51.0919,3.19,50.074,1867.8862,1864.328,59.6214,26231.0,0.0,1.0,0.0,1.0,0.0,0.0006,0.0005,72.0,0.0,0.0,0.0,17.0,0.0,0.6191,1.0,pass,9.23,warning,2025.6.3.541,warning,85,7.89,8.704,92.5562,90.574,7.3033,50.762,45.94,9.866,28.3678,31.826,13.0325,14.938,1.16,0.149,36.2346,36.197,0.4197,19.772,39.7,4.339,27.4904,31.25,10.914,14.53,,0.0,0.0,0.0,0.0,0.0,0,0,0,0,0,0,0,0,0,0,0,0,0,4.5409,23.5487,24.0277,0.0088,0.028,0.0304,4.3815,44.6608,49.9831,10,1.0,0.3879,0.0769,0.446,0.0828,0,0,1933.0,0.0,148.4142,17.0988,0.0088,0.028,0.0304,5,1.0,0.0,0,0.4279,0.0782,80.0046,20.6281,1872.0,0.0,79.9578,20.6284,9.23,5.857,184.649,186.076,17.0355,1931.0,0.0,1.0,0.0,1.0,0.0,0.0006,0.0005,57.0,0.0,0.0,0.0,10,2793.3,5,2.0,0.0,0.018,0.0275,0.0291,5,0.5,5,0.5,0,0.0,1.0,10,0,184.649,0,100.5,603.1,648.55,0,False,,1.0,False,3.24.8,1.0,85,85
w07_p256_b4_o16,NVIDIA GeForce RTX 4090,256,4,16,5,exposedpath-v2,0,85,1.0,0.0,2.16,27.229,1036.7018,1033.995,22.4274,63.616,3.29,0.971,28.4708,28.358,0.9367,1.748,1.3,6.384,498.5042,499.556,6.4966,30.592,11.36,10.837,65.8222,68.758,7.4767,4.04,,0.0,0.0,0.0,0.0,0.0,0,0,0,0,0,0,0,0,0,0,0,0,0,1.6188,2.6735,3.1984,0.0186,0.023,0.0238,3.3495,8.6186,11.9803,75,1.0,0.113,0.0118,0.2345,0.0178,0,0,23895.0,0.0,1130.9944,17.2184,39.28,0.0186,0.023,0.0238,75,1.0,0.0,0,0.1611,0.0106,262.4224,16.5692,23850.0,0.0,262.4166,16.5691,1.2,25.541,1629.4986,1633.07,19.6229,23880.0,0.0,0.0,0.0,0.0,0.0,15.0,0.0,0.0,0.0,75,0,15.0,0.0,0.0116,0.1,0.1035,75,1.0,0,0.0,0,0.0,1.0,75,0,108.633,0,59.0,158.4,212.0,0,[],28.63,unstable,unknown,0,1.8,15.159,1111.0832,1109.663,19.9662,60.446,18.71,1.799,83.8972,79.268,15.6974,4.554,1.17,7.119,535.3164,535.698,6.27,29.12,10.12,13.378,108.1192,105.257,10.9394,5.878,,0.0,0.0,0.0,0.0,0.0,0.1369,0.012,0.257,0.015,0,25772.0,0.0,1303.0998,27.8477,1.0,0.0,591.98,0.2031,0.0121,373.487,24.6752,25694.0,0.0,373.466,24.675,1.76,31.545,1838.4162,1838.192,32.3328,25755.0,0.0,1.0,0.0,1.0,0.0,0.0008,0.0004,44.0,0.0,0.0,0.0,17.0,0.0,0.6188,1.0,pass,9.29,warning,2025.6.3.541,warning,85,6.36,3.812,74.3816,75.668,4.7305,35.762,28.63,1.281,55.4268,50.701,15.8702,26.26,1.64,0.664,36.7614,36.698,0.6039,17.718,15.21,6.933,42.297,41.461,6.4322,20.26,,0.0,0.0,0.0,0.0,0.0,0,0,0,0,0,0,0,0,0,0,0,0,0,11.9812,27.2486,31.1439,0.0092,0.0203,0.0233,27.3257,78.1509,83.6895,10,1.0,0.4713,0.0533,0.5631,0.0767,0,0,1877.0,0.0,172.1052,19.3925,0.0092,0.0203,0.0233,5,1.0,0.0,0,0.5294,0.0625,111.0646,21.4447,1844.0,0.0,111.0492,21.4452,9.29,25.9,208.8668,204.596,19.3973,1875.0,0.0,1.0,0.0,1.0,0.0,0.0008,0.0004,29.0,0.0,0.0,0.0,10,4935.52,5,2.0,0.0,0.0262,0.0612,0.0698,5,0.5,5,0.5,0,0.0,1.0,10,0,208.8668,0,350.5,841.9,890.95,0,False,,1.0,False,3.24.8,1.0,85,85
w08_p256_b8_o16,NVIDIA GeForce RTX 4090,256,8,16,5,exposedpath-v2,0,85,1.0,0.0,2.1,38.009,1122.16,1119.93,23.5779,65.706,9.26,2.508,24.598,23.8,2.2771,1.438,1.1,9.001,511.954,509.589,5.6515,29.982,31.87,7.312,49.1214,48.96,15.6533,2.868,,0.0,0.0,0.0,0.0,0.0,0,0,0,0,0,0,0,0,0,0,0,0,0,1.485,2.1354,2.5619,0.0158,0.0172,0.0181,2.7157,6.8164,8.1495,75,1.0,0.085,0.0076,0.194,0.0105,0,0,24735.0,0.0,1195.8794,32.7466,74.96,0.0158,0.0172,0.0181,75,1.0,0.0,0,0.1284,0.0086,219.1906,13.8289,24690.0,0.0,219.1852,13.829,1.84,49.232,1707.8334,1724.332,31.3534,24720.0,0.0,0.0,0.0,0.0,0.0,15.0,0.0,0.0,0.0,75,0,15.0,0.0,0.0089,0.0184,0.024,75,1.0,0,0.0,0,0.0,1.0,75,0,113.8556,0,50.0,134.4,157.7,0,[],34.15,unstable,unknown,0,1.97,17.594,1204.0772,1204.83,23.6879,61.698,24.73,32.014,99.326,93.032,24.5606,5.082,1.05,8.188,550.7642,552.431,5.8048,28.226,17.41,29.052,97.5344,86.667,16.9838,4.996,,0.0,0.0,0.0,0.0,0.0,0.1142,0.0103,0.222,0.0114,0,26584.0,0.0,1400.9372,32.8597,1.0,0.0,1115.16,0.1839,0.0199,358.9714,40.3334,26534.0,0.0,358.9642,40.333,1.63,30.068,1951.7014,1948.717,31.8091,26567.0,0.0,1.0,0.0,1.0,0.0,0.001,0.0,16.0,0.0,0.0,0.0,17.0,0.0,0.619,1.0,pass,9.21,warning,2025.6.3.541,warning,85,13.65,15.819,81.917,84.9,11.1777,34.108,34.15,34.69,74.7278,70.063,25.518,30.112,6.28,1.905,38.698,37.794,2.4321,16.03,21.61,16.326,48.4128,47.438,10.4639,19.75,,0.0,0.0,0.0,0.0,0.0,0,0,0,0,0,0,0,0,0,0,0,0,0,13.8971,39.7996,46.1083,0.0082,0.0172,0.0177,29.382,110.6458,112.9851,10,1.0,0.5227,0.1196,0.5946,0.0926,0,0,1849.0,0.0,205.0578,24.2199,0.0082,0.0172,0.0177,5,1.0,0.0,0,0.568,0.0804,139.7804,32.31,1844.0,0.0,139.7792,32.3099,9.21,31.895,243.7556,237.587,22.4614,1847.0,0.0,1.0,0.0,1.0,0.0,0.001,0.0,1.0,0.0,0.0,0.0,10,8457.04,5,2.0,0.0,0.0152,0.0327,0.0402,5,0.5,5,0.5,0,0.0,1.0,10,0,243.7556,0,328.0,1059.6,1089.3,0,False,,1.0,False,3.24.8,1.0,85,85
w09_p512_b1_o16,NVIDIA GeForce RTX 4090,512,1,16,5,exposedpath-v2,0,85,1.0,0.0,5.49,31.474,1079.3226,1051.968,59.2715,58.644,110.79,91.718,81.4016,23.294,90.1811,4.026,2.46,22.411,609.4784,602.541,15.0122,33.28,88.98,74.525,80.3232,35.757,71.4678,4.052,,0.0,0.0,0.0,0.0,0.0,0,0,0,0,0,0,0,0,0,0,0,0,0,1.4983,15.9742,17.2718,0.0255,0.0282,0.0316,2.4005,15.713,17.5932,75,1.0,0.1719,0.1034,0.2679,0.0648,0,0,24315.0,0.0,1241.0476,219.6401,8.74,0.0255,0.0282,0.0316,75,1.0,0.0,0,0.2255,0.1024,434.9136,254.3717,24270.0,0.0,434.9082,254.3718,11.66,226.044,1850.5256,1739.882,215.7165,24300.0,0.0,0.0,0.0,0.0,0.0,15.0,0.0,0.0,0.0,75,0,15.0,0.0,0.0198,0.0794,0.4686,75,1.0,0,0.0,0,0.0,1.0,75,0,123.3682,0,45.0,275.4,305.5,0,[],110.79,unstable,unknown,0,5.03,39.99,1173.2618,1151.11,59.0332,57.362,84.16,114.548,120.9954,70.037,101.8353,5.522,2.23,21.864,654.3082,651.156,14.603,32.142,73.25,88.658,107.8958,57.309,79.03,4.972,,0.0,0.0,0.0,0.0,0.0,0.1936,0.0963,0.2864,0.0632,0,26220.0,0.0,1402.1532,238.3692,1.0,0.0,259.18,0.2539,0.095,539.633,269.3908,26114.0,0.0,539.5816,269.3864,11.27,237.174,2056.461,1922.533,231.8476,26203.0,0.0,1.0,0.0,1.0,0.0,0.001,0.0007,72.0,0.0,0.0,0.0,17.0,0.0,0.619,1.0,pass,12.63,rerun_recommended,2025.6.3.541,rerun_recommended,85,6.46,6.192,93.9392,93.859,6.0663,46.122,39.89,23.87,39.5936,47.784,15.7943,18.708,8.28,5.736,44.777,46.58,3.7071,22.038,34.81,14.127,27.5728,29.155,9.5978,13.13,,0.0,0.0,0.0,0.0,0.0,0,0,0,0,0,0,0,0,0,0,0,0,0,9.3906,31.2217,31.5654,0.012,0.0279,0.0314,7.8042,53.1383,56.3915,10,1.0,0.4375,0.0541,0.5376,0.0761,0,0,1905.0,0.0,161.1054,26.2274,0.012,0.0279,0.0314,5,1.0,0.0,0,0.5034,0.0571,104.7194,23.7599,1844.0,0.0,104.6734,23.7579,12.63,44.273,205.8826,223.161,25.9948,1903.0,0.0,1.0,0.0,1.0,0.0,0.001,0.0007,57.0,0.0,0.0,0.0,10,2520.68,5,2.0,0.0,0.0232,0.222,0.8505,5,0.5,5,0.5,0,0.0,1.0,10,0,205.8826,0,163.5,686.4,697.2,0,False,,1.0,True,3.24.8,1.0,85,85
w10_p512_b2_o16,NVIDIA GeForce RTX 4090,512,2,16,5,exposedpath-v2,0,85,1.0,0.0,4.86,30.135,1036.2088,1039.413,50.3795,63.634,12.25,1.669,26.9866,26.011,3.3054,1.656,0.59,3.654,498.2946,498.145,2.9353,30.64,12.78,7.339,66.312,67.402,8.4764,4.066,,0.0,0.0,0.0,0.0,0.0,0,0,0,0,0,0,0,0,0,0,0,0,0,1.5991,2.5333,2.7858,0.016,0.0192,0.0199,3.5237,9.0498,12.603,75,1.0,0.1002,0.0112,0.2146,0.0133,0,0,24315.0,0.0,1129.5074,56.5341,19.68,0.016,0.0192,0.0199,75,1.0,0.0,0,0.1461,0.0104,237.969,20.5847,24270.0,0.0,237.963,20.5847,3.48,46.488,1627.802,1649.726,56.6755,24300.0,0.0,0.0,0.0,0.0,0.0,15.0,0.0,0.0,0.0,75,0,15.0,0.0,0.0087,0.0596,0.0659,75,1.0,0,0.0,0,0.0,1.0,75,0,108.5202,0,71.0,164.0,187.3,0,[],37.54,unstable,unknown,0,4.96,27.465,1115.3066,1117.87,55.2829,61.59,23.21,26.739,63.3522,69.438,14.7021,3.478,0.54,3.007,535.2774,534.575,2.8911,29.608,13.2,14.908,96.625,95.97,12.7577,5.324,,0.0,0.0,0.0,0.0,0.0,0.1251,0.0136,0.2358,0.0144,0,26192.0,0.0,1275.2838,78.0015,1.0,0.0,584.16,0.1817,0.015,329.512,37.6486,26114.0,0.0,329.4894,37.6471,4.34,67.954,1810.561,1836.433,78.529,26175.0,0.0,1.0,0.0,1.0,0.0,0.0008,0.0004,44.0,0.0,0.0,0.0,17.0,0.0,0.6189,1.0,pass,12.15,rerun_recommended,2025.6.3.541,rerun_recommended,85,9.51,5.256,79.0978,80.114,7.5252,43.526,37.54,25.882,36.3654,36.894,13.6515,19.464,1.02,0.553,36.915,37.137,0.3754,20.452,17.78,5.771,30.313,29.151,5.3889,16.554,,0.0,0.0,0.0,0.0,0.0,0,0,0,0,0,0,0,0,0,0,0,0,0,10.4193,26.1055,26.9901,0.0067,0.0192,0.0197,12.1106,50.4529,55.5103,10,1.0,0.4536,0.0764,0.5236,0.0916,0,0,1877.0,0.0,145.7764,21.9162,0.0067,0.0192,0.0197,5,1.0,0.0,0,0.4965,0.0795,91.543,23.1412,1844.0,0.0,91.5264,23.1401,12.15,22.159,182.6914,185.896,22.2,1875.0,0.0,1.0,0.0,1.0,0.0,0.0008,0.0004,29.0,0.0,0.0,0.0,10,5677.98,5,2.0,0.0,0.0335,0.0682,0.0715,5,0.5,5,0.5,0,0.0,1.0,10,0,182.6914,0,231.5,664.3,701.65,0,False,,1.0,True,3.24.8,1.0,85,85
w11_p512_b4_o16,NVIDIA GeForce RTX 4090,512,4,16,5,exposedpath-v2,0,85,1.0,0.0,6.39,33.615,1002.879,1032.52,64.0537,63.594,30.08,3.83,20.9222,23.649,6.2941,1.322,0.96,5.676,503.031,503.157,4.853,31.984,45.59,33.62,49.667,54.38,22.6421,3.104,,0.0,0.0,0.0,0.0,0.0,0,0,0,0,0,0,0,0,0,0,0,0,0,1.3883,2.0916,2.287,0.0094,0.0109,0.0111,2.5365,7.5456,8.8459,75,1.0,0.0787,0.0206,0.1808,0.0244,0,0,23895.0,0.0,1073.468,84.9096,40.68,0.0094,0.0109,0.0111,75,1.0,0.0,0,0.121,0.0241,190.4118,36.1278,23850.0,0.0,190.406,36.1274,5.58,101.592,1576.4988,1610.168,87.897,23880.0,0.0,0.0,0.0,0.0,0.0,15.0,0.0,0.0,0.0,75,0,15.0,0.0,0.0273,0.0365,0.0369,75,1.0,0,0.0,0,0.0,1.0,75,0,105.0998,0,48.0,131.6,161.5,0,[],45.59,unstable,unknown,0,6.07,50.834,1088.4694,1119.152,66.093,61.194,29.34,27.12,67.0836,67.413,19.6811,3.768,1.43,6.151,542.0282,540.94,7.7378,30.544,28.44,38.069,80.6358,88.954,22.9305,4.494,,0.0,0.0,0.0,0.0,0.0,0.1095,0.0205,0.2057,0.0245,0,25744.0,0.0,1236.189,92.1378,1.0,0.0,1190.6,0.1674,0.0272,297.2218,47.2833,25694.0,0.0,297.2154,47.2834,5.38,99.031,1778.2174,1834.478,95.6945,25727.0,0.0,1.0,0.0,1.0,0.0,0.0006,0.0005,16.0,0.0,0.0,0.0,17.0,0.0,0.6188,1.0,pass,8.19,warning,2025.6.3.541,warning,85,9.89,4.404,85.5908,82.289,8.4662,42.79,38.88,13.764,46.1616,47.052,17.9493,22.586,8.13,0.566,38.914,37.746,3.1635,19.45,34.6,10.357,30.969,28.156,10.7165,15.174,,0.0,0.0,0.0,0.0,0.0,0,0,0,0,0,0,0,0,0,0,0,0,0,10.9775,29.1975,31.3878,0.0041,0.0108,0.0119,10.6344,65.553,68.2619,10,1.0,0.4753,0.0836,0.533,0.0947,0,0,1849.0,0.0,162.7212,18.2555,0.0041,0.0108,0.0119,5,1.0,0.0,0,0.527,0.0942,106.8102,23.8321,1844.0,0.0,106.8092,23.8321,8.19,23.611,201.635,193.539,16.511,1847.0,0.0,1.0,0.0,1.0,0.0,0.0006,0.0005,1.0,0.0,0.0,0.0,10,10209.96,5,2.0,0.0,0.0313,0.0452,0.0468,5,0.5,5,0.5,0,0.0,1.0,10,0,201.635,0,210.5,778.2,810.6,0,False,,1.0,False,3.24.8,1.0,85,85
w12_p512_b8_o16,NVIDIA GeForce RTX 4090,512,8,16,5,exposedpath-v2,0,85,1.0,0.0,9.26,28.289,1086.854,1118.55,100.6455,63.656,11.37,2.712,13.189,13.844,1.4994,0.772,1.94,11.95,558.7874,558.533,10.8201,32.884,33.92,23.667,46.1734,52.443,15.6632,2.686,,0.0,0.0,0.0,0.0,0.0,0,0,0,0,0,0,0,0,0,0,0,0,0,0.7747,1.3467,1.4673,0.0077,0.0082,0.0083,1.896,8.2525,9.0611,75,1.0,0.0379,0.0028,0.1575,0.0057,0,0,24735.0,0.0,1146.2164,111.0523,75.4,0.0077,0.0082,0.0083,75,1.0,0.0,0,0.0837,0.0059,142.1868,1.8086,24690.0,0.0,142.1816,1.8082,7.03,13.307,1705.004,1749.171,119.7964,24720.0,0.0,0.0,0.0,0.0,0.0,15.0,0.0,0.0,0.0,75,0,15.0,0.0,0.0284,0.0651,0.0703,75,1.0,0,0.0,0,0.0,1.0,75,0,113.667,0,43.0,130.2,160.5,0,[],33.92,unstable,unknown,0,8.13,54.094,1159.3016,1186.011,94.2351,58.268,23.84,34.732,134.9714,129.239,32.174,6.752,1.96,18.431,598.9004,599.352,11.7456,30.206,22.16,26.432,95.6436,94.238,21.1994,4.778,,0.0,0.0,0.0,0.0,0.0,0.0772,0.0131,0.1947,0.0094,0,26584.0,0.0,1389.9166,127.8811,1.0,0.0,2132.5,0.1712,0.0188,340.5756,45.1984,26534.0,0.0,340.5694,45.1982,6.93,168.118,1988.8168,2066.741,137.8689,26567.0,0.0,1.0,0.0,1.0,0.0,0.001,0.0,16.0,0.0,0.0,0.0,17.0,0.0,0.6191,1.0,pass,22.21,unstable,2025.6.3.541,unstable,85,32.11,24.627,72.448,73.459,23.26,25.318,26.55,34.711,121.7822,114.589,32.3349,42.998,6.83,0.758,40.0104,41.136,2.734,14.644,32.73,16.436,49.47,52.218,16.191,17.04,,0.0,0.0,0.0,0.0,0.0,0,0,0,0,0,0,0,0,0,0,0,0,0,16.7331,68.4531,68.7722,0.005,0.0136,0.0137,36.8644,136.8092,148.1629,10,1.0,0.6812,0.0986,0.7181,0.1126,0,0,1849.0,0.0,243.7002,60.6025,0.005,0.0136,0.0137,5,1.0,0.0,0,0.7035,0.0598,198.3892,44.0672,1844.0,0.0,198.3878,44.0674,22.21,27.048,283.7102,301.214,63.0257,1847.0,0.0,1.0,0.0,1.0,0.0,0.001,0.0,1.0,0.0,0.0,0.0,10,15222.8,5,2.0,0.0,0.0349,0.0671,0.0702,5,0.5,5,0.5,0,0.0,1.0,10,0,283.7102,0,408.0,1248.2,1249.1,0,False,,1.0,True,3.24.8,1.0,85,85
w13_p1024_b1_o16,NVIDIA GeForce RTX 4090,1024,1,16,5,exposedpath-v2,0,85,1.0,0.0,8.22,59.478,1028.3626,1063.456,84.5629,60.62,4.76,1.257,19.928,19.711,0.9477,1.176,1.65,7.878,615.4052,616.535,10.1504,36.404,28.01,10.845,30.7534,30.766,8.6145,1.796,,0.0,0.0,0.0,0.0,0.0,0,0,0,0,0,0,0,0,0,0,0,0,0,1.3219,1.6608,1.7687,0.016,0.017,0.0182,1.6417,3.7576,5.7438,75,1.0,0.0697,0.0137,0.1868,0.0172,0,0,24315.0,0.0,1079.0442,92.852,9.48,0.016,0.017,0.0182,75,1.0,0.0,0,0.1221,0.0162,206.0226,21.0683,24270.0,0.0,206.0172,21.0687,5.97,69.687,1694.4494,1727.21,101.1962,24300.0,0.0,0.0,0.0,0.0,0.0,15.0,0.0,0.0,0.0,75,0,15.0,0.0,0.0356,0.0993,0.3471,75,1.0,0,0.0,0,0.0,1.0,75,0,112.9632,0,31.0,73.0,90.4,0,[],50.03,unstable,unknown,0,8.24,59.842,1120.4642,1166.632,92.358,58.16,36.56,21.236,73.1572,75.524,26.7457,3.836,1.64,12.282,664.5878,666.732,10.9316,34.584,12.64,6.578,65.775,64.569,8.3127,3.422,,0.0,0.0,0.0,0.0,0.0,0.1062,0.02,0.2153,0.0262,0,26164.0,0.0,1259.3962,78.6403,1.0,0.0,541.42,0.1743,0.0337,334.2154,56.6541,26086.0,0.0,334.1938,56.6547,4.39,88.933,1923.9842,1965.573,84.4748,26147.0,0.0,1.0,0.0,1.0,0.0,0.0008,0.0004,44.0,0.0,0.0,0.0,17.0,0.0,0.6189,1.0,pass,13.57,rerun_recommended,2025.6.3.541,rerun_recommended,85,10.62,5.454,92.1016,95.099,9.7806,40.944,50.03,22.492,53.229,54.633,26.6295,22.332,3.77,1.504,49.1218,50.049,1.852,21.75,32.49,14.118,35.0214,36.925,11.3768,14.974,,0.0,0.0,0.0,0.0,0.0,0,0,0,0,0,0,0,0,0,0,0,0,0,12.6331,37.4943,40.2562,0.0058,0.0196,0.0203,12.4193,65.882,83.7442,10,1.0,0.5143,0.1053,0.5719,0.149,0,0,1849.0,0.0,180.352,31.7604,0.0058,0.0196,0.0203,5,1.0,0.0,0,0.5483,0.0958,128.1924,39.4021,1816.0,0.0,128.1766,39.4022,13.57,42.535,229.474,229.108,31.1493,1847.0,0.0,1.0,0.0,1.0,0.0,0.0008,0.0004,29.0,0.0,0.0,0.0,10,4528.08,5,2.0,0.0,0.0349,0.0506,0.0757,5,0.5,5,0.5,0,0.0,1.0,10,0,229.474,0,218.0,757.2,875.1,0,False,,1.0,True,3.24.8,1.0,85,85
w14_p1024_b2_o16,NVIDIA GeForce RTX 4090,1024,2,16,5,exposedpath-v2,0,85,1.0,0.0,4.27,47.121,997.2218,976.266,42.6192,59.982,31.5,1.037,12.5164,11.011,3.9433,0.75,0.87,4.533,612.4818,609.412,5.3034,36.876,28.53,12.704,39.9068,45.707,11.3851,2.39,,0.0,0.0,0.0,0.0,0.0,0,0,0,0,0,0,0,0,0,0,0,0,0,0.6876,1.3532,1.445,0.0067,0.0085,0.0092,1.7602,6.8101,8.7037,75,1.0,0.042,0.0107,0.1291,0.0123,0,0,24315.0,0.0,1049.6452,50.981,19.26,0.0067,0.0085,0.0092,75,1.0,0.0,0,0.0803,0.0128,133.5798,23.2022,24270.0,0.0,133.5748,23.2016,3.12,73.002,1662.1266,1638.077,51.9352,24300.0,0.0,0.0,0.0,0.0,0.0,15.0,0.0,0.0,0.0,75,0,15.0,0.0,0.0066,0.0585,0.3437,75,1.0,0,0.0,0,0.0,1.0,75,0,110.8086,0,37.0,99.0,114.9,0,[],43.84,unstable,unknown,0,3.96,33.594,1080.7434,1064.156,42.8386,57.456,32.79,29.064,64.8688,55.754,21.2729,3.452,0.71,7.114,659.861,657.193,4.6528,35.104,18.82,11.536,75.1838,78.216,14.149,3.99,,0.0,0.0,0.0,0.0,0.0,0.0764,0.0099,0.159,0.01,0,26164.0,0.0,1220.7962,46.1519,1.0,0.0,1106.5,0.1342,0.017,252.2144,31.2964,26114.0,0.0,252.2084,31.296,2.39,73.801,1880.6574,1890.609,45.0024,26147.0,0.0,1.0,0.0,1.0,0.0,0.0006,0.0005,16.0,0.0,0.0,0.0,17.0,0.0,0.6189,1.0,pass,11.65,rerun_recommended,2025.6.3.541,rerun_recommended,85,9.6,5.767,83.5214,84.075,8.0172,38.734,43.84,33.505,52.3524,39.764,22.9538,23.318,4.66,1.322,47.2784,47.667,2.2011,21.826,27.3,10.846,35.2768,35.52,9.6297,16.12,,0.0,0.0,0.0,0.0,0.0,0,0,0,0,0,0,0,0,0,0,0,0,0,12.1798,41.5003,42.2194,0.0037,0.0107,0.0108,10.8223,61.4885,73.2966,10,1.0,0.4862,0.0837,0.545,0.0681,0,0,1849.0,0.0,171.151,24.702,0.0037,0.0107,0.0108,5,1.0,0.0,0,0.5363,0.0864,118.6344,32.2196,1844.0,0.0,118.6336,32.2198,11.65,22.464,218.4294,205.759,25.4524,1847.0,0.0,1.0,0.0,1.0,0.0,0.0006,0.0005,1.0,0.0,0.0,0.0,10,9470.52,5,2.0,0.0,0.0093,0.0232,0.0438,5,0.5,5,0.5,0,0.0,1.0,10,0,218.4294,0,251.5,700.9,785.95,0,False,,1.0,True,3.24.8,1.0,85,85
w15_p1024_b4_o16,NVIDIA GeForce RTX 4090,1024,4,16,5,exposedpath-v2,0,85,1.0,0.0,2.32,37.176,1087.4478,1084.65,25.2387,65.822,15.2,1.669,11.486,11.344,1.7454,0.694,2.43,16.877,516.203,516.61,12.5579,31.25,43.71,13.407,36.7904,34.529,16.0809,2.228,,0.0,0.0,0.0,0.0,0.0,0,0,0,0,0,0,0,0,0,0,0,0,0,0.6609,1.1172,1.3136,0.0064,0.0066,0.0066,1.2654,5.8554,7.4861,75,1.0,0.0495,0.0023,0.1546,0.0044,0,0,23895.0,0.0,1135.7246,21.213,38.74,0.0064,0.0066,0.0066,75,1.0,0.0,0,0.0878,0.001,145.0894,0.0719,23850.0,0.0,145.0846,0.0721,1.16,9.451,1651.9274,1649.023,19.2107,23880.0,0.0,0.0,0.0,0.0,0.0,15.0,0.0,0.0,0.0,75,0,15.0,0.0,0.0252,0.0576,0.0951,75,1.0,0,0.0,0,0.0,1.0,75,0,110.1284,0,24.0,105.4,136.0,0,[],43.71,unstable,unknown,0,2.34,21.541,1179.5968,1190.032,27.6604,60.298,25.58,63.971,131.8498,122.249,33.7314,6.714,2.57,18.415,556.3096,561.683,14.3212,28.444,21.64,6.039,88.7914,85.916,19.2188,4.546,,0.0,0.0,0.0,0.0,0.0,0.0931,0.0065,0.1907,0.0042,0,25744.0,0.0,1400.2376,47.8849,1.0,0.0,2127.14,0.1775,0.0153,347.8156,38.1734,25694.0,0.0,347.8096,38.1734,2.37,66.205,1956.5476,1931.815,46.4124,25727.0,0.0,1.0,0.0,1.0,0.0,0.0006,0.0005,16.0,0.0,0.0,0.0,17.0,0.0,0.6189,1.0,pass,10.17,rerun_recommended,2025.6.3.541,rerun_recommended,85,12.7,15.635,92.1486,87.47,11.6984,30.59,28.38,62.68,120.3636,107.953,34.1556,38.992,7.94,2.065,40.0484,39.943,3.1809,13.216,11.49,9.355,52.0008,54.541,5.9736,17.2,,0.0,0.0,0.0,0.0,0.0,0,0,0,0,0,0,0,0,0,0,0,0,0,21.741,80.7089,83.2771,0.0038,0.0071,0.0072,46.159,122.0308,125.9619,10,1.0,0.6107,0.0625,0.6554,0.0334,0,0,1849.0,0.0,264.5134,29.694,0.0038,0.0071,0.0072,5,1.0,0.0,0,0.6611,0.0566,202.7258,38.1234,1844.0,0.0,202.725,38.1233,10.17,52.295,304.5618,284.859,30.9729,1847.0,0.0,1.0,0.0,1.0,0.0,0.0006,0.0005,1.0,0.0,0.0,0.0,10,13557.02,5,2.0,0.0,0.0304,0.0836,0.2356,5,0.5,5,0.5,0,0.0,1.0,10,0,304.5618,0,432.5,1083.6,1113.3,0,False,,1.0,True,3.24.8,1.0,85,85
w16_p1024_b8_o16,NVIDIA GeForce RTX 4090,1024,8,16,5,exposedpath-v2,0,85,1.0,0.0,1.99,37.036,1185.8606,1188.426,23.6455,66.612,18.44,0.599,17.7386,16.71,3.2704,0.994,1.07,1.167,515.068,514.296,5.4888,28.94,34.08,4.654,61.639,56.108,21.0066,3.452,,0.0,0.0,0.0,0.0,0.0,0,0,0,0,0,0,0,0,0,0,0,0,0,1.0366,2.09,2.2677,0.0077,0.0078,0.0078,2.6999,9.7735,12.3578,75,1.0,0.0963,0.0031,0.1977,0.0039,0,0,24735.0,0.0,1265.2382,31.836,71.92,0.0077,0.0078,0.0078,75,1.0,0.0,0,0.1313,0.002,233.7018,0.0614,24690.0,0.0,233.6968,0.0614,1.53,33.377,1780.3064,1782.845,27.2421,24720.0,0.0,0.0,0.0,0.0,0.0,15.0,0.0,0.0,0.0,75,0,15.0,0.0,0.008,0.0137,0.0163,75,1.0,0,0.0,0,0.0,1.0,75,0,118.687,0,54.0,164.8,196.6,0,[],34.08,unstable,unknown,0,1.99,41.67,1257.069,1256.704,25.0248,56.444,7.75,9.069,300.4936,289.668,23.277,13.49,1.06,1.39,553.0062,552.222,5.8647,24.834,12.8,17.679,116.6828,109.579,14.9352,5.236,,0.0,0.0,0.0,0.0,0.0,0.1361,0.0034,0.2413,0.0043,0,26614.0,0.0,1674.2452,28.5234,1.0,0.0,3735.86,0.2716,0.0078,604.883,20.8705,26535.0,0.0,604.8578,20.8701,1.05,19.922,2227.2512,2231.639,23.333,26597.0,0.0,1.0,0.0,1.0,0.0,0.001,0.0,45.0,0.0,0.0,0.0,17.0,0.0,0.6191,1.0,pass,6.38,warning,2025.6.3.541,warning,85,8.27,7.632,71.2082,68.931,5.8869,16.012,8.19,2.357,282.7548,274.824,23.1676,63.238,1.49,0.466,37.88,37.776,0.5643,8.506,20.22,3.913,55.0438,55.479,11.1303,12.242,,0.0,0.0,0.0,0.0,0.0,0,0,0,0,0,0,0,0,0,0,0,0,0,43.8753,97.3261,106.063,0.0038,0.0069,0.0069,109.9814,239.4708,259.2798,10,1.0,0.799,0.0296,0.8349,0.0184,0,0,1879.0,0.0,409.007,28.814,0.0038,0.0069,0.0069,5,1.0,0.0,0,0.831,0.0164,371.1812,20.8554,1845.0,0.0,371.161,20.855,6.38,3.996,446.8872,440.346,28.5274,1877.0,0.0,1.0,0.0,1.0,0.0,0.001,0.0,30.0,0.0,0.0,0.0,10,18387.54,5,2.0,0.0,0.012,0.02,0.0245,5,0.5,5,0.5,0,0.0,1.0,10,0,446.8872,0,672.0,1377.0,1444.5,0,False,,1.0,False,3.24.8,1.0,85,85
